,hakurei_reimu,kirisame_marisa,flandre_scarlet,komeiji_koishi,konpaku_youmu,izayoi_sakuya,remilia_scarlet,komeiji_satori,fujiwara_no_mokou,cirno,saigyouji_yuyuko,alice_margatroid,shameimaru_aya,kochiya_sanae,reisen_udongein_inaba,yakumo_yukari,patchouli_knowledge,hong_meiling,hata_no_kokoro,hinanawi_tenshi,rumia,moriya_suwako,tatara_kogasa,kazami_yuuka,shiki_eiki,junko_(touhou),ibuki_suika,inubashiri_momiji,yakumo_ran,houraisan_kaguya,reiuji_utsuho,yorigami_shion,toyosatomimi_no_miko,usami_renko,kijin_seija,mizuhashi_parsee,yagokoro_eirin,hecatia_lapislazuli,hieda_no_akyuu,mononobe_no_futo,kawashiro_nitori,toutetsu_yuuma,kagiyama_hina,kishin_sagume,matara_okina,ibaraki_kasen,kaenbyou_rin,maribel_hearn,hijiri_byakuren,kamishirasawa_keine,chen,mystia_lorelei,houjuu_nue,nazrin,iizunamaru_megumu,mima_(touhou),koakuma,doremy_sweet,tenkyuu_chimata,clownpiece,kudamaki_tsukasa,kaku_seiga,daiyousei,sekibanki,murasa_minamitsu,haniyasushin_keiki,shinki_(touhou),yorigami_jo'on,inaba_tewi,kicchou_yachie,wriggle_nightbug,motoori_kosuzu,futatsuiwa_mamizou,yasaka_kanako,nagae_iku,onozuka_komachi,morichika_rinnosuke,himekaidou_hatate,lily_white,hoshiguma_yuugi,yomotsu_hisami,usami_sumireko,niwatari_kutaka,imaizumi_kagerou,komano_aunn,soga_no_tojiko,nippaku_zanmu,okunoda_miyoi,sukuna_shinmyoumaru,lunasa_prismriver,letty_whiterock,miyako_yoshika,medicine_melancholy,okazaki_yumemi,horikawa_raiko,watatsuki_no_yorihime,tenkajin_chiyari,himemushi_momoyo,aki_minoriko,kurokoma_saki,aki_shizuha,gengetsu_(touhou),luna_child,wakasagihime,toramaru_shou,star_sapphire,seiran_(touhou),kurodani_yamame,joutouguu_mayumi,kasodani_kyouko,sunny_milk,teireida_mai,merlin_prismriver,hourai_doll,shanghai_doll,miyadeguchi_mizuchi,watatsuki_no_toyohime,mugetsu_(touhou),fortune_teller_(touhou),eternity_larva,kumoi_ichirin,goutokuji_mike,lyrica_prismriver,satsuki_rin,tsukumo_benben,tokiko_(touhou),nishida_satono,kana_anaberal,ringo_(touhou),sariel_(touhou),yatadera_narumi,yumeko_(touhou),tsukumo_yatsuhashi,yamashiro_takane,mitsugashira_enoko,son_biten,ebisu_eika,meira_(touhou),tamatsukuri_misumaru,elly_(touhou),kitashirakawa_chiyuri,kurumi_(touhou),mai_(touhou),konpaku_youki,ellen_(touhou),anxious_moustached_villager_(touhou),ushizaki_urumi,sakata_nemuno,kotohime_(touhou),konngara_(touhou),yuki_(touhou),elis_(touhou),unzan,kedama_(touhou),layla_prismriver,rika_(touhou),ruukoto,yuugenmagan,genjii_(touhou),asakura_rikako,louise_(touhou),fairy_maid_(touhou),sunflower_fairy_(touhou),zombie_fairy_(touhou),hisou_tensoku,orange_(touhou),mimi-chan,sara_(touhou),kikuri_(touhou)
hakurei_reimu,,3055,104,44,83,280,221,64,60,113,58,568,297,500,56,868,114,60,14,44,40,54,28,71,25,6,135,28,61,43,39,9,19,12,26,27,39,4,41,6,52,0,34,3,17,43,42,11,20,37,46,29,27,26,2,11,27,5,2,5,2,14,45,2,12,1,4,4,35,2,24,16,17,40,20,24,38,16,11,33,1,12,2,5,26,9,0,3,42,11,23,7,9,2,1,13,0,0,32,1,15,1,13,2,12,13,3,12,1,3,12,1,9,9,77,3,5,2,1,1,11,2,9,1,2,3,1,1,2,3,2,2,2,1,0,1,1,22,1,2,1,2,1,2,1,0,2,1,2,2,1,2,7,0,1,1,2,1,1,1,1,1,1,1,5,1,1,1,1
kirisame_marisa,3055,,133,41,72,255,144,54,76,100,43,2369,122,159,51,144,403,72,5,25,27,45,16,63,26,4,69,33,36,42,31,3,9,9,13,37,34,6,14,5,95,0,15,4,22,9,34,8,13,41,37,32,13,18,0,26,50,1,1,4,1,6,35,1,11,1,12,2,30,3,23,5,5,30,20,27,40,13,12,28,0,5,2,3,12,5,0,1,23,12,12,6,11,2,1,4,0,0,16,1,14,1,16,4,10,13,3,11,1,4,14,1,9,29,279,0,3,2,1,1,6,1,10,1,2,2,1,1,2,2,13,3,2,1,0,0,1,3,1,2,1,1,1,2,1,0,1,1,2,2,1,1,4,1,1,2,1,1,1,1,1,2,1,1,1,1,2,1,1
flandre_scarlet,104,133,,194,37,226,631,47,36,67,22,74,31,26,25,32,145,191,5,12,38,26,12,29,16,2,26,11,20,21,13,2,7,7,6,11,16,1,4,3,26,9,9,1,15,3,16,6,9,20,24,15,17,11,0,6,87,1,1,1,1,3,18,1,9,1,2,1,23,1,15,1,2,14,13,15,17,8,8,10,0,2,2,1,1,4,0,0,3,10,8,3,10,2,1,3,2,0,9,1,9,2,7,1,8,6,3,11,1,3,10,2,7,2,23,0,3,2,1,1,4,1,7,2,1,2,2,1,1,2,3,1,1,0,0,0,1,1,0,2,1,1,1,2,1,0,1,1,1,2,1,1,4,0,1,1,1,1,1,1,1,4,1,1,1,1,1,1,1
komeiji_koishi,44,41,194,,27,42,52,498,23,24,16,27,28,21,20,23,23,24,128,14,8,17,14,16,14,2,16,15,18,12,80,2,8,8,8,35,14,2,4,3,13,0,16,1,2,3,94,6,15,13,19,13,26,11,0,4,11,2,1,2,1,6,12,1,17,1,2,4,18,1,15,1,5,11,10,12,9,10,7,35,0,2,2,2,1,6,0,0,4,7,6,6,7,2,1,3,0,0,7,1,7,1,5,2,9,5,2,21,1,6,5,1,6,1,12,0,3,2,1,1,9,1,6,1,2,2,1,1,1,2,2,1,2,0,0,0,1,1,0,2,1,1,1,2,2,0,1,1,1,2,1,1,6,1,1,1,1,1,1,1,1,3,1,2,1,1,1,1,1
konpaku_youmu,83,72,37,27,,83,50,34,34,25,433,56,36,56,263,89,28,26,3,25,14,21,6,15,19,7,28,19,41,25,12,1,7,6,5,14,33,3,9,4,16,0,8,1,1,5,11,6,9,19,29,15,9,10,0,5,9,2,0,1,0,6,10,1,6,1,3,1,30,1,10,2,3,22,14,17,11,6,9,14,0,1,1,2,1,4,0,0,5,43,10,4,6,2,1,5,0,0,9,1,9,1,5,2,4,5,1,7,1,2,7,1,14,1,14,0,5,2,1,1,4,0,12,1,1,2,1,1,1,2,1,1,1,0,0,0,1,1,0,2,1,1,1,8,1,0,1,1,1,2,1,1,3,0,1,1,1,1,1,1,1,1,1,1,1,1,1,1,1
izayoi_sakuya,280,255,226,42,83,,954,44,47,51,41,286,49,69,48,63,188,1614,3,20,21,32,6,39,21,4,26,30,27,33,26,3,6,9,7,25,32,2,6,2,30,0,12,1,2,3,21,8,14,30,25,24,11,11,0,5,145,1,1,1,1,4,19,2,11,1,4,2,26,1,17,2,4,28,20,23,13,8,10,20,1,1,2,5,2,4,0,0,8,9,10,5,8,2,1,3,0,0,11,1,11,1,7,4,10,7,2,6,1,3,7,1,7,2,36,0,3,2,1,1,6,1,7,2,2,2,1,1,1,2,1,2,2,1,0,1,1,1,0,2,1,1,1,3,1,0,1,1,1,2,1,1,5,0,1,1,1,1,1,1,1,7,1,1,1,1,1,1,1
remilia_scarlet,221,144,631,52,50,954,,129,43,47,34,112,56,50,38,63,310,236,2,17,21,31,9,18,16,3,36,18,25,32,19,1,10,7,2,19,26,1,5,2,22,0,10,0,1,5,20,6,10,24,26,23,8,15,0,5,117,0,1,4,2,4,17,0,11,0,3,0,28,0,16,1,2,22,12,13,17,8,10,18,0,0,1,3,0,4,0,0,5,8,8,3,9,2,0,3,0,0,9,0,9,1,7,1,8,8,1,9,0,2,7,0,7,2,25,0,2,2,0,0,5,1,7,2,0,1,0,1,0,2,0,1,0,1,0,0,0,1,0,2,1,1,1,1,1,0,0,0,1,2,1,1,4,0,1,1,1,1,1,1,1,7,1,1,1,1,1,1,1
komeiji_satori,64,54,47,498,34,44,129,,23,20,23,32,31,24,20,26,26,27,10,17,9,23,5,29,26,2,21,16,15,13,133,2,9,7,4,90,15,2,4,3,14,0,9,3,2,5,172,6,12,13,13,11,9,10,0,4,13,1,1,1,1,7,11,1,12,1,2,1,16,1,11,1,2,11,14,14,9,11,7,42,0,1,2,1,2,6,0,0,4,10,8,6,8,2,1,3,0,0,7,1,7,1,5,2,8,5,2,25,1,3,5,1,6,1,12,2,3,2,1,1,6,1,6,1,2,2,1,1,1,2,1,1,2,0,0,0,1,1,0,2,1,1,1,2,1,0,1,1,1,2,1,1,5,1,1,1,1,1,1,1,1,1,1,2,1,1,1,1,1
fujiwara_no_mokou,60,76,36,23,34,47,43,23,,42,26,44,28,24,89,46,32,31,3,20,13,23,4,20,17,6,16,28,25,559,16,3,6,7,5,21,76,2,10,1,23,0,19,3,2,3,23,7,7,987,32,97,8,18,1,3,9,2,1,1,1,3,14,1,7,1,2,2,55,2,29,2,2,19,10,17,9,7,7,21,1,32,2,6,1,8,1,0,4,6,9,3,6,1,1,2,0,1,9,2,9,0,5,3,9,5,2,6,1,2,5,1,6,1,14,0,3,1,1,1,4,1,6,0,1,1,1,0,1,1,1,0,1,0,0,0,1,0,0,1,0,0,0,1,0,0,1,1,0,1,0,0,4,0,0,0,0,0,0,0,0,0,0,0,0,0,0,0,0
cirno,113,100,67,24,25,51,47,20,42,,22,50,108,32,22,34,37,34,3,18,63,52,13,31,13,2,31,17,18,14,23,2,3,5,1,13,19,2,5,4,21,0,13,1,6,7,19,4,5,36,43,44,8,18,0,5,24,1,1,5,1,3,324,1,6,1,3,1,25,1,55,3,2,18,13,14,19,13,18,11,0,2,3,5,1,5,0,0,2,8,32,3,10,2,1,3,0,0,13,1,12,1,16,6,8,13,2,10,1,3,21,1,7,2,18,0,3,2,1,7,4,1,6,1,1,2,1,1,1,2,2,1,1,0,0,0,2,1,0,3,1,1,1,2,1,0,2,1,1,2,1,1,3,1,1,1,1,1,1,1,1,1,2,1,1,1,1,1,1
saigyouji_yuyuko,58,43,22,16,433,41,34,23,26,22,,40,27,23,33,625,18,24,4,13,10,26,3,23,19,7,21,14,50,23,12,2,8,9,4,8,35,4,7,3,10,2,10,1,6,5,9,7,22,21,31,41,6,5,0,5,12,1,1,1,1,7,11,1,7,1,4,1,16,1,13,2,3,31,15,20,9,9,11,13,1,1,2,1,2,4,0,0,6,18,10,7,6,2,1,6,0,0,9,1,8,1,6,1,4,6,2,7,1,3,6,1,11,2,10,0,6,2,1,1,4,1,10,1,1,2,1,1,1,2,2,2,1,0,0,1,1,1,0,2,1,1,1,4,1,0,1,1,1,2,1,1,3,0,1,1,1,1,1,1,1,1,1,1,1,1,1,2,1
alice_margatroid,568,2369,74,27,56,286,112,32,44,50,40,,78,92,63,110,335,65,3,29,24,34,9,180,20,5,45,18,22,27,23,2,5,8,1,29,34,2,6,4,44,0,18,2,6,5,17,7,12,34,27,74,10,27,0,11,60,3,1,2,1,4,21,1,15,1,22,1,25,1,25,3,3,24,25,24,21,9,10,22,0,3,2,1,2,4,0,0,1,14,14,4,16,2,1,9,0,0,13,1,14,1,8,1,6,5,3,7,1,3,6,1,10,33,345,0,3,2,1,1,15,1,10,1,2,2,1,1,2,2,9,4,2,1,0,0,1,3,0,3,1,1,1,2,1,0,1,3,2,2,1,1,6,1,1,1,1,1,1,1,1,1,1,1,1,1,1,2,1
shameimaru_aya,297,122,31,28,36,49,56,31,28,108,27,78,,143,39,61,29,32,3,22,17,42,7,34,22,4,50,417,32,24,25,2,6,10,3,16,21,2,10,4,58,0,22,1,7,10,19,8,11,25,29,27,11,12,26,5,14,1,1,1,4,4,20,3,12,1,3,1,23,1,20,8,6,40,19,23,11,179,9,26,0,3,3,4,4,5,0,4,5,8,8,6,9,2,3,4,0,2,20,1,21,1,10,1,8,9,2,8,1,4,10,2,7,3,25,0,3,2,1,1,5,1,7,1,1,3,1,1,1,2,1,1,1,2,0,0,1,1,1,2,1,1,1,2,1,0,1,3,1,2,1,1,4,1,1,1,1,1,1,1,1,1,1,1,2,1,1,1,1
kochiya_sanae,500,159,26,21,56,69,50,24,24,32,23,92,143,,49,45,25,29,3,18,16,188,128,26,16,4,25,39,18,23,21,2,6,9,4,20,22,4,8,6,44,0,25,1,4,7,20,7,23,20,20,14,18,19,0,6,13,6,1,3,5,5,19,1,14,1,3,1,18,1,14,4,3,158,13,15,15,14,8,21,0,4,2,2,2,5,0,0,6,8,9,7,6,1,1,4,0,0,22,1,19,0,5,2,16,5,2,14,1,2,6,1,6,4,18,0,2,1,1,1,6,1,5,0,2,1,1,0,1,1,1,0,2,1,0,0,1,0,0,1,0,0,0,1,0,0,1,1,0,1,0,0,3,0,0,0,0,0,0,0,0,0,0,0,0,0,0,0,0
reisen_udongein_inaba,56,51,25,20,263,48,38,20,89,22,33,63,39,49,,32,21,41,2,18,11,16,6,21,16,148,18,18,30,241,14,3,7,7,4,12,229,7,7,4,19,2,9,6,2,4,20,6,7,34,23,19,8,12,0,4,12,3,1,11,2,3,10,1,7,1,3,2,280,1,12,2,4,13,10,11,11,9,8,9,0,1,2,16,1,3,0,0,3,11,9,3,6,2,1,14,0,0,9,1,9,1,5,2,7,5,15,7,1,3,6,1,7,1,11,0,10,2,1,1,3,1,6,1,1,2,1,1,7,2,1,2,1,1,0,0,1,1,0,2,1,1,1,2,1,0,1,1,1,2,1,1,3,0,1,1,1,1,1,1,1,1,1,1,4,1,1,1,1
yakumo_yukari,868,144,32,23,89,63,63,26,46,34,625,110,61,45,32,,38,36,3,53,14,32,6,55,23,6,53,18,454,32,20,5,10,31,4,20,62,4,10,4,18,12,13,2,94,13,21,24,18,35,163,18,7,9,0,7,16,3,1,1,1,9,16,1,9,1,5,3,19,1,23,3,7,44,17,21,12,11,11,24,0,27,2,2,4,5,0,0,8,18,13,5,10,3,1,6,4,0,13,1,11,1,8,2,10,6,2,10,1,3,7,4,13,2,17,0,5,2,1,1,4,1,11,1,1,2,4,1,1,2,2,1,1,0,0,0,1,1,1,2,2,1,1,3,1,0,1,1,1,2,1,1,3,0,1,1,1,1,1,1,1,1,1,1,1,1,1,1,1
patchouli_knowledge,114,403,145,23,28,188,310,26,32,37,18,335,29,25,21,38,,150,1,15,16,20,9,21,16,2,20,16,19,21,14,2,5,7,1,12,16,2,6,4,32,0,13,1,2,3,13,6,10,18,22,18,5,11,0,5,441,1,1,2,1,4,17,1,8,1,3,1,17,1,16,2,3,12,14,18,15,8,9,12,0,2,2,2,1,4,0,0,1,8,9,3,9,2,1,3,0,0,11,1,10,1,5,2,6,6,2,7,1,3,5,1,9,6,52,0,3,2,1,1,6,1,8,2,1,3,1,1,1,2,3,1,1,0,0,0,1,1,0,2,1,1,1,2,1,0,1,1,1,2,1,1,5,1,1,1,1,1,1,1,1,4,1,1,1,1,1,1,1
hong_meiling,60,72,191,24,26,1614,236,27,31,34,24,65,32,29,41,36,150,,2,19,17,20,6,32,15,2,17,18,18,20,13,3,6,7,5,17,20,2,6,4,18,0,10,1,2,4,18,6,9,24,19,17,7,11,0,4,98,1,1,1,1,4,18,1,6,1,3,2,17,2,11,2,3,21,15,19,10,8,9,26,0,1,2,3,1,5,0,0,4,7,9,6,7,2,1,3,0,0,8,1,8,1,6,3,13,6,2,7,1,3,6,1,7,1,10,0,3,2,1,1,4,1,7,2,2,2,1,1,1,2,1,1,2,0,0,0,1,1,0,3,1,1,1,3,1,0,1,1,1,2,1,1,4,0,1,1,1,1,1,1,1,11,1,1,1,1,1,1,1
hata_no_kokoro,14,5,5,128,3,3,2,10,3,3,4,3,3,3,2,3,1,2,,4,2,1,5,1,2,1,2,1,1,3,2,1,30,1,1,2,2,1,1,5,3,0,1,1,2,4,2,1,20,2,1,1,5,5,0,2,1,2,0,1,0,3,1,1,3,1,0,1,1,1,2,2,4,1,2,1,3,1,1,2,0,1,1,2,1,8,0,0,1,1,1,2,0,0,3,1,0,0,1,3,1,0,1,3,6,1,1,1,1,3,2,1,1,1,1,0,1,0,1,1,7,0,1,0,3,1,1,0,1,0,1,0,3,0,0,0,1,0,0,0,0,0,0,1,0,0,1,1,0,0,0,0,2,0,0,0,0,0,0,0,0,0,0,0,0,0,0,0,0
hinanawi_tenshi,44,25,12,14,25,20,17,17,20,18,13,29,22,18,18,53,15,19,4,,9,12,6,32,10,3,21,17,13,11,19,48,3,5,3,12,13,2,4,4,13,1,17,2,2,6,21,4,10,14,18,11,6,13,0,5,11,1,1,2,1,3,12,1,7,1,2,4,11,1,17,1,2,10,127,12,7,10,8,10,0,1,3,1,1,3,0,0,7,8,7,3,8,2,1,10,0,0,8,1,8,1,7,1,6,7,2,8,1,3,8,1,7,2,11,0,5,2,1,1,5,1,7,1,1,2,1,1,1,2,2,1,1,0,0,0,2,1,0,2,1,1,1,2,1,0,2,1,1,2,1,1,5,0,1,1,1,1,1,1,1,2,1,1,1,1,1,3,1
rumia,40,27,38,8,14,21,21,9,13,63,10,24,17,16,11,14,16,17,2,9,,12,11,14,7,1,17,12,9,8,10,1,2,4,1,8,12,1,5,5,11,0,8,1,1,2,8,4,4,15,11,94,5,8,0,3,17,1,0,1,0,2,25,1,5,1,2,1,10,1,46,2,2,9,11,9,7,5,8,7,0,1,1,2,2,3,0,0,2,8,8,2,8,2,1,3,0,0,8,1,9,1,9,3,4,5,1,9,1,2,7,1,6,1,10,0,3,2,1,1,4,0,6,1,1,3,1,1,1,2,1,1,1,0,0,0,1,1,0,2,1,1,1,2,1,0,1,1,1,2,1,1,3,0,1,1,1,1,1,1,1,1,1,1,1,1,1,1,1
moriya_suwako,54,45,26,17,21,32,31,23,23,52,26,34,42,188,16,32,20,20,1,12,12,,10,18,14,4,26,27,15,19,16,3,4,7,3,12,16,3,5,2,34,0,22,1,2,4,16,6,7,18,29,16,13,11,0,5,11,1,1,1,1,4,19,1,9,1,3,2,19,1,13,2,2,357,13,14,11,9,8,17,0,3,2,1,1,3,0,0,4,8,7,4,9,2,1,3,0,0,26,1,24,1,10,1,7,9,2,8,1,3,10,1,7,2,11,0,3,2,1,1,5,1,6,1,1,2,1,1,1,2,1,1,1,0,0,0,1,1,0,2,1,1,1,3,1,0,1,1,1,2,1,1,4,0,1,1,1,1,1,1,1,1,1,1,1,1,1,1,1
tatara_kogasa,28,16,12,14,6,6,9,5,4,13,3,9,7,128,6,6,9,6,5,6,11,10,,10,3,2,8,4,8,4,7,1,7,4,2,6,4,2,6,8,5,0,5,1,1,4,5,4,22,6,6,10,74,37,0,1,8,1,0,2,0,5,9,32,20,1,1,2,3,1,7,2,11,5,3,3,4,6,3,5,0,1,1,4,2,7,0,2,4,3,4,13,1,1,3,2,0,0,4,1,4,1,4,5,23,2,1,7,1,17,2,1,3,1,2,0,2,1,1,1,38,0,3,1,1,3,1,1,1,1,1,1,1,0,0,0,1,1,0,1,1,1,1,2,1,0,1,1,1,1,1,1,14,0,1,1,1,1,1,1,1,1,1,1,1,1,1,1,1
kazami_yuuka,71,63,29,16,15,39,18,29,20,31,23,180,34,26,21,55,21,32,1,32,14,18,10,,19,2,16,21,15,12,20,2,2,6,3,14,18,3,8,2,17,0,21,1,2,3,20,5,9,20,21,24,4,18,0,10,11,1,1,2,1,3,20,1,7,1,4,1,12,1,234,2,2,16,14,25,12,7,14,11,0,1,2,5,1,2,0,0,2,7,20,4,22,2,3,4,0,0,17,1,19,4,8,3,5,8,2,12,1,3,8,1,7,4,30,0,3,3,1,1,5,1,6,1,1,2,1,1,1,3,1,3,1,0,0,0,1,1,0,19,1,4,1,2,1,0,1,1,1,2,1,2,3,0,1,1,1,1,1,1,1,1,1,1,1,1,1,1,1
shiki_eiki,25,26,16,14,19,21,16,26,17,13,19,20,22,16,16,23,16,15,2,10,7,14,3,19,,3,11,8,14,13,14,3,4,6,3,11,11,3,9,2,12,1,9,1,2,6,15,5,49,15,14,12,6,7,0,6,8,2,1,3,1,7,9,1,6,1,2,2,13,2,11,1,4,13,10,371,10,6,8,12,0,1,9,1,1,3,0,0,3,7,7,4,7,2,1,3,0,0,9,2,9,1,5,1,6,5,2,9,1,3,6,1,7,2,9,0,3,2,1,1,3,1,6,1,1,2,1,1,1,2,1,1,1,1,0,0,3,1,0,2,1,1,1,2,1,0,2,1,1,2,1,1,3,0,1,1,1,1,1,1,1,1,1,1,1,1,1,1,1
junko_(touhou),6,4,2,2,7,4,3,2,6,2,7,5,4,4,148,6,2,2,1,3,1,4,2,2,3,,1,2,7,16,2,3,2,3,3,1,19,262,2,2,3,3,1,15,17,1,1,3,2,2,4,2,2,1,0,0,3,4,0,38,2,5,2,4,1,3,2,2,5,2,1,2,3,4,1,2,2,2,1,1,0,1,2,1,2,2,0,0,4,1,2,3,0,0,2,5,0,0,2,2,2,0,1,2,1,1,2,1,2,2,1,2,1,0,0,0,1,0,1,2,1,0,1,0,2,1,2,0,2,0,2,0,2,1,0,0,2,0,0,0,0,0,0,1,0,0,2,2,0,0,0,0,0,0,0,0,0,0,0,0,0,0,0,0,0,0,0,0,0
ibuki_suika,135,69,26,16,28,26,36,21,16,31,21,45,50,25,18,53,20,17,2,21,17,26,8,16,11,1,,16,15,16,16,2,3,5,6,18,18,1,7,3,24,1,10,1,3,24,14,4,6,15,19,21,8,11,0,5,11,1,1,1,1,3,18,3,7,1,2,1,18,1,11,4,6,18,23,13,9,9,8,80,1,1,2,3,7,3,1,10,9,10,7,3,10,2,1,4,0,0,9,1,9,1,10,2,6,8,2,10,1,3,8,1,7,1,12,0,3,2,1,1,4,1,7,1,1,3,1,1,1,2,1,1,1,0,0,0,1,1,1,2,1,1,1,3,1,0,1,1,1,2,1,1,4,0,1,1,1,1,1,1,1,1,1,1,1,1,1,1,1
inubashiri_momiji,28,33,11,15,19,30,18,16,28,17,14,18,417,39,18,18,16,18,1,17,12,27,4,21,8,2,16,,21,11,12,1,5,6,2,12,10,2,8,2,85,0,41,1,1,3,31,6,6,24,45,15,4,26,6,3,10,1,0,1,0,3,16,1,6,1,3,1,13,1,17,2,4,25,10,9,8,69,8,12,0,1,1,45,1,3,0,0,2,6,7,3,7,2,1,3,0,2,24,1,26,1,6,2,6,6,1,6,1,9,6,1,7,2,9,0,3,2,1,1,5,0,7,1,1,2,1,1,1,2,1,1,1,0,0,0,1,1,0,2,1,1,1,2,1,0,1,1,1,2,1,1,4,0,1,1,1,1,1,1,1,1,1,1,1,1,1,1,1
yakumo_ran,61,36,20,18,41,27,25,15,25,18,50,22,32,18,30,454,19,18,1,13,9,15,8,15,14,7,15,21,,20,15,5,5,10,2,9,17,2,6,2,10,62,8,2,10,3,30,7,10,21,301,14,4,9,2,4,11,2,3,1,14,5,12,1,6,1,2,3,17,4,9,1,43,14,12,14,9,8,9,16,1,1,2,6,1,3,1,0,3,13,10,4,9,2,1,3,9,2,9,4,9,1,6,2,19,5,2,8,1,3,6,1,10,1,9,0,3,2,1,1,4,1,9,1,1,2,1,1,1,2,1,1,1,1,0,0,1,1,0,2,1,1,1,2,1,0,1,1,1,2,1,1,3,0,1,1,1,1,1,1,1,1,1,1,1,1,1,1,1
houraisan_kaguya,43,42,21,12,25,33,32,13,559,14,23,27,24,23,241,32,21,20,3,11,8,19,4,12,13,16,16,11,20,,11,3,9,8,2,13,295,2,5,2,19,0,12,1,4,4,8,7,10,103,15,18,7,9,1,4,10,1,1,1,1,5,9,1,7,1,3,2,96,2,10,2,3,19,10,12,6,8,8,18,1,1,2,5,1,3,1,0,4,7,7,4,8,2,1,17,0,1,9,2,9,1,5,2,9,5,5,6,1,3,5,1,7,1,9,0,17,2,1,1,4,1,7,1,1,2,1,1,4,2,1,1,1,0,0,0,1,1,0,2,1,1,1,2,1,0,1,1,1,2,1,1,5,0,1,1,1,1,1,1,1,1,1,1,1,1,1,1,1
reiuji_utsuho,39,31,13,80,12,26,19,133,16,23,12,23,25,21,14,20,14,13,2,19,10,16,7,20,14,2,16,12,15,11,,2,6,6,4,34,9,1,5,2,21,0,10,1,2,6,368,5,7,11,15,18,12,13,0,4,8,3,1,1,1,5,12,1,9,1,2,1,10,1,10,1,2,14,10,14,9,7,7,30,0,1,7,3,1,3,0,0,4,7,6,4,9,2,1,3,0,0,10,1,8,1,8,2,10,5,2,19,1,3,5,1,6,1,9,0,3,2,1,1,5,1,6,1,1,3,1,1,1,2,1,1,1,0,0,0,1,1,0,2,1,1,1,2,1,0,1,1,1,2,1,1,5,0,1,1,1,1,1,2,1,1,1,4,2,1,1,1,1
yorigami_shion,9,3,2,2,1,3,1,2,3,2,2,2,2,2,3,5,2,3,1,48,1,3,1,2,3,3,2,1,5,3,2,,1,2,4,1,2,2,1,1,2,1,2,2,2,1,2,1,1,2,5,2,1,1,0,1,2,1,1,1,1,2,2,1,2,1,0,52,2,1,1,1,1,2,1,3,3,2,2,1,0,1,2,1,1,1,0,0,4,2,1,2,1,0,1,1,0,0,3,1,3,0,2,1,2,2,2,1,1,2,2,1,2,0,0,0,1,0,1,1,1,1,1,0,1,1,1,0,1,0,1,0,1,0,0,0,1,0,0,0,0,0,0,1,0,0,1,1,0,0,0,0,0,0,0,0,0,0,0,0,0,0,0,0,0,0,0,0,0
toyosatomimi_no_miko,19,9,7,8,7,6,10,9,6,3,8,5,6,6,7,10,5,6,30,3,2,4,7,2,4,2,3,5,5,9,6,1,,3,4,3,6,1,3,114,5,0,2,2,11,7,7,3,181,4,3,6,7,7,0,1,2,2,0,2,0,78,3,2,7,2,1,1,2,2,4,1,6,4,2,3,2,4,2,2,0,1,2,1,2,235,0,0,5,4,2,26,1,1,4,2,0,0,2,74,2,1,2,2,6,2,2,4,2,7,2,2,3,1,1,0,2,1,1,2,11,0,3,1,2,2,2,1,2,1,2,1,2,0,0,0,2,1,0,1,1,1,1,2,1,0,2,2,1,1,1,1,4,0,1,1,1,1,1,1,1,1,1,1,1,1,1,1,1
usami_renko,12,9,7,8,6,9,7,7,7,5,9,8,10,9,7,31,7,7,1,5,4,7,4,6,6,3,5,6,10,8,6,2,3,,2,5,7,2,5,3,5,0,4,1,3,2,5,592,3,8,9,5,4,4,0,3,6,1,1,1,1,6,5,1,6,1,2,1,6,1,4,1,2,6,4,6,7,5,5,5,0,12,2,1,2,3,0,0,2,4,4,5,3,3,1,2,0,0,4,1,4,1,4,1,4,4,2,4,1,3,4,1,4,1,3,0,2,2,1,1,3,1,3,1,1,2,1,1,1,1,1,1,1,0,0,0,1,1,0,2,2,1,1,2,1,0,1,1,1,1,1,1,2,0,1,1,1,1,1,1,1,2,1,1,1,1,1,1,1
kijin_seija,26,13,6,8,5,7,2,4,5,1,4,1,3,4,4,4,1,5,1,3,1,3,2,3,3,3,6,2,2,2,4,4,4,2,,2,2,1,1,2,1,0,1,5,2,1,2,2,1,5,3,1,57,1,0,0,1,2,0,2,0,3,1,4,2,2,0,3,2,2,1,1,3,3,1,3,2,1,1,3,0,1,2,5,3,4,0,0,118,1,1,3,0,0,3,1,0,0,1,2,1,0,1,5,2,1,2,1,2,2,1,2,1,0,1,0,1,0,1,2,2,0,1,0,5,1,2,0,2,0,2,0,4,0,0,0,2,0,0,0,0,0,0,1,0,0,4,2,0,0,0,0,0,0,0,0,0,0,0,0,0,0,0,0,0,0,0,0,0
mizuhashi_parsee,27,37,11,35,14,25,19,90,21,13,8,29,16,20,12,20,12,17,2,12,8,12,6,14,11,1,18,12,9,13,34,1,3,5,2,,15,1,4,2,14,0,34,1,1,3,38,5,6,20,8,10,6,9,0,3,7,1,0,1,0,2,10,2,6,1,2,1,8,1,8,1,3,10,10,11,7,5,6,489,0,1,1,2,1,2,0,0,2,7,7,2,8,2,1,3,0,0,8,1,8,1,5,3,8,4,1,71,1,3,5,1,6,1,6,0,3,2,1,1,4,0,6,1,1,2,1,1,1,2,1,1,1,0,0,0,1,1,0,2,1,1,1,2,1,0,1,1,1,2,1,1,4,0,1,1,1,1,1,1,1,1,1,1,1,1,1,1,1
yagokoro_eirin,39,34,16,14,33,32,26,15,76,19,35,34,21,22,229,62,16,20,2,13,12,16,4,18,11,19,18,10,17,295,9,2,6,7,2,15,,2,5,2,14,0,11,2,4,2,9,6,11,97,17,14,6,10,0,5,10,1,1,4,1,4,11,1,7,1,5,1,97,1,24,2,4,30,11,11,6,7,8,16,0,1,2,2,1,2,0,0,1,8,8,4,9,2,1,21,0,0,9,1,9,1,5,2,8,5,5,8,1,3,5,1,8,1,11,0,18,2,1,1,4,1,8,1,1,2,1,1,4,2,1,1,1,0,0,0,1,1,0,2,1,1,1,2,1,0,2,1,1,2,1,1,4,0,1,1,1,1,1,1,1,1,1,1,1,1,1,1,1
hecatia_lapislazuli,4,6,1,2,3,2,1,2,2,2,4,2,2,4,7,4,2,2,1,2,1,3,2,3,3,262,1,2,2,2,1,2,1,2,1,1,2,,2,1,2,2,1,5,2,1,1,2,1,2,2,1,1,1,0,0,3,11,0,37,0,2,2,3,1,1,1,2,2,2,1,2,1,2,1,2,1,4,1,1,0,1,2,0,1,1,0,0,2,1,1,2,0,0,6,1,0,0,2,2,2,0,1,1,1,1,1,1,1,1,1,1,1,0,0,0,1,0,1,1,1,0,1,0,1,1,1,0,1,0,1,0,2,0,0,0,2,0,0,0,0,0,0,1,0,0,1,1,0,0,0,0,0,0,0,0,0,0,0,0,0,0,0,0,0,0,0,0,0
hieda_no_akyuu,41,14,4,4,9,6,5,4,10,5,7,6,10,8,7,10,6,6,1,4,5,5,6,8,9,2,7,8,6,5,5,1,3,5,1,4,5,2,,2,6,0,4,1,1,2,5,4,3,20,5,5,2,2,0,2,5,1,0,1,0,2,5,2,2,1,3,1,4,1,5,54,9,6,4,5,5,4,4,4,0,1,1,1,4,2,0,1,6,5,4,2,3,3,1,3,0,0,5,1,5,1,8,2,2,5,1,4,1,3,5,1,4,1,2,0,3,2,1,1,2,0,4,1,1,3,1,1,1,2,1,1,1,0,0,0,1,1,0,2,2,2,1,2,1,0,1,1,1,1,1,2,1,0,1,1,1,1,1,1,1,1,1,1,1,1,1,1,1
mononobe_no_futo,6,5,3,3,4,2,2,3,1,4,3,4,4,6,4,4,4,4,5,4,5,2,8,2,2,2,3,2,2,2,2,1,114,3,2,2,2,1,2,,3,0,2,2,2,3,2,3,16,3,2,4,6,7,0,1,3,2,0,2,0,40,3,2,5,2,1,1,2,2,2,1,7,3,2,2,2,2,2,2,0,1,2,3,2,175,0,0,2,3,2,21,1,1,2,2,0,0,2,5,2,3,2,4,7,2,2,2,2,8,2,2,3,1,1,0,2,1,1,2,31,0,3,1,2,2,2,1,2,1,2,1,2,0,0,0,2,1,0,1,1,1,1,2,1,0,2,2,1,1,1,1,7,0,1,1,1,1,1,1,1,1,1,1,1,1,1,1,1
kawashiro_nitori,52,95,26,13,16,30,22,14,23,21,10,44,58,44,19,18,32,18,3,13,11,34,5,17,12,3,24,85,10,19,21,2,5,5,1,14,14,2,6,3,,0,135,1,1,3,32,5,6,19,26,16,9,18,0,5,9,2,0,1,0,2,10,1,7,1,3,1,20,1,12,3,4,27,15,15,13,22,7,16,0,1,1,3,2,3,0,0,4,6,9,2,7,2,1,3,0,0,20,3,19,1,4,4,6,4,1,12,1,2,4,1,6,4,16,0,3,2,1,1,4,0,7,1,1,3,1,1,1,2,2,1,1,6,0,0,1,1,0,2,2,1,1,2,1,0,1,1,1,2,1,1,4,0,1,1,1,1,1,1,1,1,1,1,5,1,2,1,1
toutetsu_yuuma,0,0,9,0,0,0,0,0,0,0,2,0,0,0,2,12,0,0,0,1,0,0,0,0,1,3,1,0,62,0,0,1,0,0,0,0,0,2,0,0,0,,0,0,9,0,0,0,1,0,6,0,0,0,0,0,0,2,0,1,3,0,0,0,1,0,0,1,0,12,0,0,0,1,0,1,0,0,0,1,1,0,4,0,0,0,1,0,1,0,0,0,0,0,0,0,27,0,0,9,0,0,0,0,0,0,0,0,0,0,0,0,0,0,0,0,0,0,0,0,0,0,0,0,0,0,0,0,0,0,0,0,0,0,0,0,1,0,0,0,0,0,0,0,0,0,1,0,0,0,0,0,0,0,0,0,0,0,0,0,0,0,0,0,0,0,0,0,0
kagiyama_hina,34,15,9,16,8,12,10,9,19,13,10,18,22,25,9,13,13,10,1,17,8,22,5,21,9,1,10,41,8,12,10,2,2,4,1,34,11,1,4,2,135,0,,1,1,2,27,4,4,19,24,11,4,19,0,4,7,2,0,1,0,2,12,1,5,1,2,2,8,1,12,1,2,19,11,8,6,7,7,11,0,1,1,0,1,2,0,0,3,6,8,2,17,2,1,3,0,0,31,1,26,1,6,1,5,6,1,7,1,2,6,1,6,3,7,0,3,2,1,1,4,0,7,1,1,2,1,1,1,2,1,1,1,1,0,0,1,1,0,2,1,1,1,2,1,0,1,1,1,2,1,1,4,0,1,1,1,1,1,1,1,1,1,1,1,1,1,2,1
kishin_sagume,3,4,1,1,1,1,0,3,3,1,1,2,1,1,6,2,1,1,1,2,1,1,1,1,1,15,1,1,2,1,1,2,2,1,5,1,2,5,1,2,1,0,1,,2,1,1,1,1,1,2,1,1,1,1,0,1,196,0,11,0,2,1,2,1,2,0,1,1,2,1,1,2,1,1,1,3,1,1,1,0,1,3,1,2,2,0,0,3,1,1,2,0,0,2,6,0,0,1,2,1,0,1,2,1,1,6,1,2,2,1,2,1,0,0,0,7,0,1,2,1,0,1,0,2,1,2,0,4,0,2,0,2,0,0,0,2,0,0,0,0,0,0,1,0,0,2,2,0,0,0,0,0,0,0,0,0,0,0,0,0,0,0,0,0,0,0,0,0
matara_okina,17,22,15,2,1,2,1,2,2,6,6,6,7,4,2,94,2,2,2,2,1,2,1,2,2,17,3,1,10,4,2,2,11,3,2,1,4,2,1,2,1,9,1,2,,9,1,2,9,2,2,2,1,1,1,1,2,2,1,2,1,9,2,2,2,4,0,1,2,2,1,1,3,1,1,2,2,2,2,1,0,3,3,2,3,6,0,0,2,2,1,7,1,0,2,1,1,0,1,2,1,0,2,2,2,2,3,1,2,3,2,30,2,0,0,0,1,0,1,41,1,1,1,0,2,1,27,0,2,0,3,0,2,0,0,0,2,0,0,0,0,0,0,1,0,0,2,2,0,0,0,0,0,0,0,0,0,0,0,0,0,0,0,0,0,0,0,0,0
ibaraki_kasen,43,9,3,3,5,3,5,5,3,7,5,5,10,7,4,13,3,4,4,6,2,4,4,3,6,1,24,3,3,4,6,1,7,2,1,3,2,1,2,3,3,0,2,1,9,,7,2,9,3,3,2,3,5,0,1,2,1,0,2,0,96,4,1,3,1,1,1,2,1,2,3,2,3,5,15,3,3,2,9,0,3,2,0,3,6,0,0,2,2,2,21,1,1,1,3,0,0,2,1,2,1,3,1,4,3,1,5,1,2,3,1,2,1,1,0,2,1,1,1,2,0,2,1,1,2,1,1,1,1,1,1,1,0,0,0,2,1,1,1,1,1,1,2,1,0,2,2,1,1,1,1,2,0,1,1,1,1,1,1,1,1,1,1,1,1,1,1,1
kaenbyou_rin,42,34,16,94,11,21,20,172,23,19,9,17,19,20,20,21,13,18,2,21,8,16,5,20,15,1,14,31,30,8,368,2,7,5,2,38,9,1,5,2,32,0,27,1,1,7,,5,4,23,112,14,8,60,0,3,7,3,0,2,0,6,13,1,7,1,2,1,15,1,14,1,3,12,12,14,8,7,6,30,0,1,2,2,3,4,0,0,3,6,7,6,6,2,1,4,0,0,10,1,10,1,8,1,13,8,1,21,1,2,9,1,5,2,6,0,3,2,1,1,4,6,5,1,1,2,1,1,1,2,1,1,1,0,0,0,2,1,1,2,1,1,1,2,1,0,2,1,1,2,1,1,4,1,1,1,1,1,1,1,1,1,1,5,2,1,1,2,1
maribel_hearn,11,8,6,6,6,8,6,6,7,4,7,7,8,7,6,24,6,6,1,4,4,6,4,5,5,3,4,6,7,7,5,1,3,592,2,5,6,2,4,3,5,0,4,1,2,2,5,,3,8,7,4,4,4,0,2,5,1,0,1,0,5,4,1,5,1,2,1,5,1,4,1,2,6,4,5,6,4,4,5,0,12,1,0,2,3,0,0,2,3,4,4,2,3,1,2,0,0,4,1,4,1,3,1,4,3,1,4,1,2,3,1,3,1,3,0,2,2,1,1,3,0,3,1,1,2,1,1,1,1,1,1,1,0,0,0,1,1,0,2,2,1,1,2,1,0,1,1,1,1,1,1,2,0,1,1,1,1,1,1,1,2,1,1,1,1,1,1,1
hijiri_byakuren,20,13,9,15,9,14,10,12,7,5,22,12,11,23,7,18,10,9,20,10,4,7,22,9,49,2,6,6,10,10,7,1,181,3,1,6,11,1,3,16,6,1,4,1,9,9,4,3,,6,8,6,62,46,0,3,5,1,0,1,0,15,5,1,61,1,9,4,4,1,10,1,15,21,5,8,5,7,5,5,0,1,2,0,1,20,0,0,2,4,4,9,2,1,2,2,0,0,5,8,4,1,2,2,95,2,1,5,1,19,2,1,4,2,5,0,2,1,1,1,50,0,3,1,1,2,1,1,1,2,1,3,1,0,0,0,1,1,0,1,1,1,2,2,1,0,1,1,1,2,1,1,17,0,1,1,1,1,1,1,1,1,1,1,1,1,1,2,1
kamishirasawa_keine,37,41,20,13,19,30,24,13,987,36,21,34,25,20,34,35,18,24,2,14,15,18,6,20,15,2,15,24,21,103,11,2,4,8,5,20,97,2,20,3,19,0,19,1,2,3,23,8,6,,29,28,6,15,0,4,10,1,1,1,1,5,15,1,6,1,3,1,33,1,23,2,3,19,10,18,11,6,8,22,0,2,2,5,1,5,0,0,4,8,9,4,7,2,1,3,0,0,8,1,8,1,6,2,6,5,2,8,1,4,7,1,7,2,7,0,4,2,1,1,4,1,6,1,1,2,1,1,1,2,1,1,1,0,0,0,1,1,0,2,1,1,1,2,1,0,1,1,1,2,1,1,3,0,1,1,1,1,1,1,1,1,1,1,1,1,1,1,1
chen,46,37,24,19,29,25,26,13,32,43,31,27,29,20,23,163,22,19,1,18,11,29,6,21,14,4,19,45,301,15,15,5,3,9,3,8,17,2,5,2,26,6,24,2,2,3,112,7,8,29,,32,8,85,2,4,10,1,1,1,3,4,22,1,6,1,2,3,42,1,17,1,5,17,12,14,10,6,9,9,0,1,2,2,3,3,0,0,4,10,11,4,8,2,2,3,1,0,11,1,11,1,9,2,10,9,2,8,1,3,9,1,10,1,13,0,3,2,1,1,4,7,9,1,1,2,1,1,1,2,1,1,1,1,0,0,1,1,0,2,1,1,1,2,1,0,1,1,1,2,1,1,3,0,1,1,1,1,1,1,1,1,1,1,1,1,1,1,1
mystia_lorelei,29,32,15,13,15,24,23,11,97,44,41,74,27,14,19,18,18,17,1,11,94,16,10,24,12,2,21,15,14,18,18,2,6,5,1,10,14,1,5,4,16,0,11,1,2,2,14,4,6,28,32,,5,10,0,4,11,1,1,1,1,4,19,1,7,1,2,1,18,1,85,2,2,11,11,11,10,9,8,14,0,1,2,1,2,5,0,0,2,9,7,4,10,2,1,3,0,0,9,1,8,1,7,1,6,6,2,12,1,38,7,1,9,2,11,0,3,2,1,1,5,1,9,1,1,15,1,1,1,2,2,1,1,0,0,0,1,1,0,2,1,1,1,2,1,0,1,1,1,2,1,1,4,0,1,1,1,1,1,1,1,1,1,1,1,1,1,2,1
houjuu_nue,27,13,17,26,9,11,8,9,8,8,6,10,11,18,8,7,5,7,5,6,5,13,74,4,6,2,8,4,4,7,12,1,7,4,57,6,6,1,2,6,9,0,4,1,1,3,8,4,62,6,8,5,,42,0,1,4,1,0,1,0,5,8,2,156,1,3,4,6,1,4,1,34,10,4,5,3,5,3,6,0,1,1,1,1,6,0,0,1,2,4,6,1,1,1,2,0,0,4,1,3,1,4,2,38,2,1,5,1,22,2,1,2,1,2,0,2,1,1,1,46,0,2,1,1,2,1,1,1,1,1,2,1,1,0,0,1,1,0,1,1,1,2,2,1,0,1,1,1,1,1,1,15,0,1,1,1,1,1,1,1,1,1,1,1,1,1,2,1
nazrin,26,18,11,11,10,11,15,10,18,18,5,27,12,19,12,9,11,11,5,13,8,11,37,18,7,1,11,26,9,9,13,1,7,4,1,9,10,1,2,7,18,0,19,1,1,5,60,4,46,15,85,10,42,,0,2,5,1,0,2,0,6,15,1,55,1,1,2,9,1,13,1,11,6,6,6,4,4,4,7,0,1,1,1,1,7,0,0,1,3,4,5,4,1,1,2,0,0,10,3,10,1,7,2,222,5,1,8,1,25,6,1,3,1,7,0,2,1,1,1,49,4,4,1,1,2,1,1,1,2,1,1,1,0,0,0,1,1,0,1,1,1,1,2,1,0,1,1,1,2,1,1,23,0,1,1,1,1,1,1,1,1,1,2,1,1,1,1,1
iizunamaru_megumu,2,0,0,0,0,0,0,0,1,0,0,0,26,0,0,0,0,0,0,0,0,0,0,0,0,0,0,6,2,1,0,0,0,0,0,0,0,0,0,0,0,0,0,1,1,0,0,0,0,0,2,0,0,0,,0,0,0,9,0,60,0,0,0,0,0,0,0,0,1,0,0,0,0,0,0,0,12,0,0,1,0,0,0,0,0,1,0,0,0,0,0,0,0,0,0,0,36,0,1,0,0,0,0,0,0,0,0,0,0,0,2,0,0,0,0,0,0,0,0,0,0,0,0,0,0,1,0,0,0,0,0,0,0,0,0,0,0,0,0,0,0,0,0,0,0,0,0,0,0,0,0,0,0,0,0,0,0,0,0,0,0,0,0,0,0,0,0,0
mima_(touhou),11,26,6,4,5,5,5,4,3,5,5,11,5,6,4,7,5,4,2,5,3,5,1,10,6,0,5,3,4,4,4,1,1,3,0,3,5,0,2,1,5,0,4,0,1,1,3,2,3,4,4,4,1,2,0,,4,0,1,0,1,2,4,0,3,0,15,0,4,0,4,0,1,6,4,4,5,3,4,3,0,0,1,1,0,1,0,0,0,4,3,2,4,2,0,1,0,0,3,0,3,2,3,0,2,3,1,3,0,2,4,0,4,2,4,0,1,3,0,0,2,1,3,1,0,1,0,1,0,2,0,3,0,0,0,0,0,2,0,3,1,2,1,1,1,0,0,0,1,2,1,1,2,0,1,2,1,1,1,2,1,1,1,1,1,1,1,1,1
koakuma,27,50,87,11,9,145,117,13,9,24,12,60,14,13,12,16,441,98,1,11,17,11,8,11,8,3,11,10,11,10,8,2,2,6,1,7,10,3,5,3,9,0,7,1,2,2,7,5,5,10,10,11,4,5,0,4,,1,1,1,1,3,43,1,6,1,3,2,9,1,9,2,2,9,9,9,6,6,8,6,0,1,2,2,1,3,0,0,2,7,7,4,7,2,1,3,0,0,9,1,9,1,5,1,5,6,2,6,1,3,5,1,7,1,12,0,3,2,1,1,4,1,6,2,1,3,1,1,1,2,1,1,1,0,0,0,1,1,0,2,1,1,1,2,1,0,1,1,1,2,1,1,4,1,1,1,1,1,1,1,1,3,1,1,1,1,1,1,1
doremy_sweet,5,1,1,2,2,1,0,1,2,1,1,3,1,6,3,3,1,1,2,1,1,1,1,1,2,4,1,1,2,1,3,1,2,1,2,1,1,11,1,2,2,2,2,196,2,1,3,1,1,1,1,1,1,1,0,0,1,,0,4,0,2,1,2,1,2,0,1,1,2,1,1,2,1,1,2,1,1,1,1,0,7,2,1,2,2,0,0,2,1,1,2,0,0,2,1,1,0,1,2,1,0,1,2,1,1,5,1,2,2,1,2,1,0,0,0,2,0,1,2,1,0,1,0,2,1,2,0,6,0,2,0,2,0,0,0,2,0,0,0,0,0,0,1,0,0,2,2,0,0,0,0,0,0,0,0,0,0,0,0,0,0,0,0,0,0,0,0,0
tenkyuu_chimata,2,1,1,1,0,1,1,1,1,1,1,1,1,1,1,1,1,1,0,1,0,1,0,1,1,0,1,0,3,1,1,1,0,1,0,0,1,0,0,0,0,0,0,0,1,0,0,0,0,1,1,1,0,0,9,1,1,0,,0,6,1,1,0,1,11,0,0,1,1,0,0,0,0,0,1,1,1,1,0,0,0,1,1,0,0,0,0,0,1,0,1,1,0,0,0,0,4,0,0,0,0,1,0,0,1,1,0,0,1,1,0,1,0,0,0,0,0,0,0,0,1,0,0,0,0,0,0,0,0,0,0,0,0,0,0,0,0,0,0,0,0,0,0,0,0,0,0,0,0,0,0,0,0,0,0,0,0,0,0,0,0,0,0,0,0,0,0,0
clownpiece,5,4,1,2,1,1,4,1,1,5,1,2,1,3,11,1,2,1,1,2,1,1,2,2,3,38,1,1,1,1,1,1,2,1,2,1,4,37,1,2,1,1,1,11,2,2,2,1,1,1,1,1,1,2,0,0,1,4,0,,0,2,1,4,2,3,0,1,1,3,1,1,2,2,1,3,1,1,2,1,0,1,4,1,3,2,0,0,3,1,1,2,0,0,3,1,0,0,1,3,1,0,4,2,1,7,2,2,2,2,4,2,1,0,0,0,1,0,1,4,2,0,1,0,2,1,2,0,2,0,2,0,3,0,0,0,4,0,0,0,0,0,0,1,0,0,3,2,0,0,0,0,0,0,0,0,0,0,0,0,0,0,0,0,0,0,0,0,0
kudamaki_tsukasa,2,1,1,1,0,1,2,1,1,1,1,1,4,5,2,1,1,1,0,1,0,1,0,1,1,2,1,0,14,1,1,1,0,1,0,0,1,0,0,0,0,3,0,0,1,0,0,0,0,1,3,1,0,0,60,1,1,0,6,0,,1,1,0,1,0,0,0,1,0,0,0,0,0,0,1,1,1,1,0,0,0,1,1,0,0,0,0,0,1,0,1,1,0,0,0,1,18,0,0,0,0,2,0,0,1,1,0,0,1,1,2,1,0,0,0,0,0,0,0,0,1,0,0,0,0,1,0,0,0,0,0,0,0,0,0,0,0,0,0,0,0,0,0,0,0,0,0,0,0,0,0,0,0,0,0,0,0,0,0,0,0,0,0,0,0,0,0,0
kaku_seiga,14,6,3,6,6,4,4,7,3,3,7,4,4,5,3,9,4,4,3,3,2,4,5,3,7,5,3,3,5,5,5,2,78,6,3,2,4,2,2,40,2,0,2,2,9,96,6,5,15,5,4,4,5,6,0,2,3,2,1,2,1,,3,2,7,2,1,1,3,2,4,1,6,3,4,4,3,3,3,2,0,1,3,2,2,52,0,0,3,4,3,139,2,1,2,2,0,0,3,4,2,1,3,3,5,3,3,4,2,6,3,2,4,1,1,0,2,1,1,2,8,1,2,1,2,2,2,1,2,1,2,1,2,0,0,0,2,1,0,1,1,1,1,2,1,0,2,2,1,1,1,1,3,0,1,1,1,1,1,1,1,1,1,1,1,1,1,1,1
daiyousei,45,35,18,12,10,19,17,11,14,324,11,21,20,19,10,16,17,18,1,12,25,19,9,20,9,2,18,16,12,9,12,2,3,5,1,10,11,2,5,3,10,0,12,1,2,4,13,4,5,15,22,19,8,15,0,4,43,1,1,1,1,3,,1,6,1,3,1,10,1,19,3,2,13,9,19,9,8,10,10,0,2,2,1,1,4,0,0,1,12,19,3,7,2,1,3,0,0,12,1,11,1,11,1,5,11,2,9,1,3,11,1,7,1,9,0,3,2,1,2,3,1,6,1,1,3,1,1,1,2,1,1,1,0,0,0,1,1,0,3,1,1,1,2,1,0,1,1,1,2,1,1,3,1,1,1,1,1,1,1,1,1,2,1,1,1,1,1,1
sekibanki,2,1,1,1,1,2,0,1,1,1,1,1,3,1,1,1,1,1,1,1,1,1,32,1,1,4,3,1,1,1,1,1,2,1,4,2,1,3,2,2,1,0,1,2,2,1,1,1,1,1,1,1,2,1,0,0,1,2,0,4,0,2,1,,1,2,0,1,1,2,1,4,4,1,1,1,1,3,1,1,0,1,2,54,2,2,0,2,4,2,1,2,0,0,3,1,0,0,1,2,1,0,1,55,1,1,2,1,2,2,1,2,2,0,0,0,1,0,1,2,1,0,2,0,3,1,2,0,2,0,2,0,5,0,0,0,2,0,0,0,0,0,0,1,0,0,2,2,0,0,0,0,0,0,0,0,0,0,0,0,0,0,0,0,0,0,0,0,0
murasa_minamitsu,12,11,9,17,6,11,11,12,7,6,7,15,12,14,7,9,8,6,3,7,5,9,20,7,6,1,7,6,6,7,9,2,7,6,2,6,7,1,2,5,7,1,5,1,2,3,7,5,61,6,6,7,156,55,0,3,6,1,1,2,1,7,6,1,,1,1,3,6,1,4,1,15,7,6,6,4,8,5,5,0,1,2,1,1,6,0,0,2,5,4,5,4,1,1,2,0,0,4,1,4,1,4,1,77,3,2,5,1,21,3,1,4,1,4,0,2,1,1,1,158,1,4,1,1,2,1,1,1,2,1,1,1,0,0,0,1,1,0,1,1,1,1,2,1,0,1,1,1,2,1,1,25,0,1,1,1,1,1,1,1,1,1,1,1,1,1,1,1
haniyasushin_keiki,1,1,1,1,1,1,0,1,1,1,1,1,1,1,1,1,1,1,1,1,1,1,1,1,1,3,1,1,1,1,1,1,2,1,2,1,1,1,1,2,1,0,1,2,4,1,1,1,1,1,1,1,1,1,0,0,1,2,11,3,0,2,1,2,1,,0,1,1,23,1,1,2,1,1,1,1,1,1,1,0,1,2,1,2,2,0,0,2,1,1,2,0,0,2,1,0,0,1,11,1,0,1,2,1,1,2,1,65,2,1,2,1,0,0,0,1,0,1,2,1,0,1,0,2,1,2,0,2,0,2,0,2,0,0,0,6,0,2,0,0,0,0,1,0,0,2,2,0,0,0,0,0,0,0,0,0,0,0,0,0,0,0,0,0,0,0,0,0
shinki_(touhou),4,12,2,2,3,4,3,2,2,3,4,22,3,3,3,5,3,3,0,2,2,3,1,4,2,2,2,3,2,3,2,0,1,2,0,2,5,1,3,1,3,0,2,0,0,1,2,2,9,3,2,2,3,1,0,15,3,0,0,0,0,1,3,0,1,0,,0,2,0,2,1,1,8,2,2,2,2,2,2,0,0,0,0,0,1,0,0,0,2,2,1,2,2,0,1,0,0,3,0,3,1,2,0,1,2,0,2,0,1,2,0,2,1,4,0,1,2,0,0,2,0,2,1,0,1,0,1,0,2,0,17,0,0,0,0,0,1,0,2,1,1,2,1,1,0,0,0,1,1,1,1,1,0,1,1,1,1,1,1,1,1,1,1,1,1,1,2,1
yorigami_jo'on,4,2,1,4,1,2,0,1,2,1,1,1,1,1,2,3,1,2,1,4,1,2,2,1,2,2,1,1,3,2,1,52,1,1,3,1,1,2,1,1,1,1,2,1,1,1,1,1,4,1,3,1,4,2,0,0,2,1,0,1,0,1,1,1,3,1,0,,1,1,1,3,2,2,1,2,2,1,1,1,0,1,1,0,1,1,0,0,3,1,1,1,0,0,1,1,0,0,3,1,3,0,1,1,3,1,1,1,1,2,1,1,1,0,0,0,1,0,1,1,2,0,1,0,1,1,1,0,1,0,1,0,1,0,0,0,1,0,0,0,0,0,0,1,0,0,1,1,0,0,0,0,1,0,0,0,0,0,0,0,0,0,0,0,0,0,0,0,0
inaba_tewi,35,30,23,18,30,26,28,16,55,25,16,25,23,18,280,19,17,17,1,11,10,19,3,12,13,5,18,13,17,96,10,2,2,6,2,8,97,2,4,2,20,0,8,1,2,2,15,5,4,33,42,18,6,9,0,4,9,1,1,1,1,3,10,1,6,1,2,1,,1,13,1,2,13,10,12,7,5,8,9,0,1,2,49,2,2,0,0,1,7,8,3,7,2,1,7,0,0,8,1,8,1,6,1,4,6,9,7,1,3,7,1,7,1,12,0,7,2,1,1,3,1,6,1,1,2,1,1,7,2,1,1,1,0,0,0,1,1,0,2,1,1,1,2,1,0,1,1,1,2,1,1,3,0,1,1,1,1,1,1,1,1,1,1,1,1,1,1,1
kicchou_yachie,2,3,1,1,1,1,0,1,2,1,1,1,1,1,1,1,1,2,1,1,1,1,1,1,2,2,1,1,4,2,1,1,2,1,2,1,1,2,1,2,1,12,1,2,2,1,1,1,1,1,1,1,1,1,1,0,1,2,1,3,0,2,1,2,1,23,0,1,1,,1,1,2,2,2,2,1,1,1,1,1,1,6,1,2,2,1,0,2,1,1,2,0,0,2,1,1,4,1,112,1,0,1,2,1,1,2,1,13,2,1,2,1,0,0,0,1,0,1,2,1,0,1,0,2,1,2,0,2,0,2,0,2,0,0,0,3,0,0,0,0,0,0,1,0,0,2,2,0,0,0,0,0,0,0,0,0,0,0,0,0,0,0,0,0,0,0,0,0
wriggle_nightbug,24,23,15,15,10,17,16,11,29,55,13,25,20,14,12,23,16,11,2,17,46,13,7,234,11,1,11,17,9,10,10,1,4,4,1,8,24,1,5,2,12,0,12,1,1,2,14,4,10,23,17,85,4,13,0,4,9,1,0,1,0,4,19,1,4,1,2,1,13,1,,2,3,8,10,12,10,7,8,7,0,1,1,1,2,2,0,0,2,11,8,2,11,2,2,4,0,0,11,1,10,1,9,2,4,8,1,31,1,3,9,1,6,1,8,0,3,2,1,2,3,0,6,1,1,3,1,1,1,2,1,1,1,0,0,0,1,1,0,3,1,1,1,2,1,0,1,1,1,2,1,1,3,0,1,1,1,1,1,1,1,1,1,1,1,1,1,1,1
motoori_kosuzu,16,5,1,1,2,2,1,1,2,3,2,3,8,4,2,3,2,2,2,1,2,2,2,2,1,2,4,2,1,2,1,1,1,1,1,1,2,2,54,1,3,0,1,1,1,3,1,1,1,2,1,2,1,1,0,0,2,1,0,1,0,1,3,4,1,1,1,3,1,1,2,,49,2,1,1,2,3,1,1,0,2,1,0,4,1,0,0,4,1,1,1,0,0,1,1,0,0,2,1,2,0,1,1,1,1,1,1,1,1,1,1,1,0,0,0,1,0,1,1,1,0,1,0,1,2,1,0,1,0,1,0,1,0,0,0,1,0,0,0,0,0,0,1,0,0,1,1,0,0,0,0,0,0,0,0,0,0,0,0,0,0,0,0,0,0,0,0,0
futatsuiwa_mamizou,17,5,2,5,3,4,2,2,2,2,3,3,6,3,4,7,3,3,4,2,2,2,11,2,4,3,6,4,43,3,2,1,6,2,3,3,4,1,9,7,4,0,2,2,3,2,3,2,15,3,5,2,34,11,0,1,2,2,0,2,0,6,2,4,15,2,1,2,2,2,3,49,,5,3,4,2,4,2,3,0,1,2,3,2,6,0,3,3,3,4,5,1,1,2,2,0,0,3,2,2,1,2,3,14,2,2,2,2,28,2,2,3,1,1,0,2,1,1,2,15,0,2,1,2,2,2,1,2,1,2,1,2,1,0,0,2,1,0,1,1,1,1,2,1,0,2,2,1,1,1,1,3,0,1,1,1,1,1,1,1,1,1,1,1,1,1,1,1
yasaka_kanako,40,30,14,11,22,28,22,11,19,18,31,24,40,158,13,44,12,21,1,10,9,357,5,16,13,4,18,25,14,19,14,2,4,6,3,10,30,2,6,3,27,1,19,1,1,3,12,6,21,19,17,11,10,6,0,6,9,1,0,2,0,3,13,1,7,1,8,2,13,2,8,2,5,,12,13,8,10,7,21,0,2,1,0,1,6,0,0,3,8,7,3,6,2,1,3,0,0,24,1,25,1,4,1,6,4,1,6,1,3,4,1,7,2,8,0,3,2,1,1,6,0,7,1,1,2,1,1,1,2,1,1,1,0,0,0,1,1,0,2,1,1,1,2,1,0,1,1,1,2,1,1,4,0,1,1,1,1,1,1,1,1,1,1,1,1,1,1,1
nagae_iku,20,20,13,10,14,20,12,14,10,13,15,25,19,13,10,17,14,15,2,127,11,13,3,14,10,1,23,10,12,10,10,1,2,4,1,10,11,1,4,2,15,0,11,1,1,5,12,4,5,10,12,11,4,6,0,4,9,1,0,1,0,4,9,1,6,1,2,1,10,2,10,1,3,12,,11,9,5,7,10,0,1,1,0,1,4,0,0,1,8,8,2,8,2,3,3,0,0,8,1,8,1,5,1,7,5,1,8,1,2,5,1,7,2,8,0,3,2,1,1,4,0,8,1,1,2,1,1,1,2,1,1,1,0,0,0,1,1,0,2,1,1,1,2,1,0,1,1,1,2,1,1,4,0,1,1,1,1,1,1,1,9,1,1,1,1,1,1,1
onozuka_komachi,24,27,15,12,17,23,13,14,17,14,20,24,23,15,11,21,18,19,1,12,9,14,3,25,371,2,13,9,14,12,14,3,3,6,3,11,11,2,5,2,15,1,8,1,2,15,14,5,8,18,14,11,5,6,0,4,9,2,1,3,1,4,19,1,6,1,2,2,12,2,12,1,4,13,11,,10,5,8,14,0,1,10,1,1,2,0,0,2,7,8,4,7,2,1,3,0,0,9,2,9,1,5,1,6,5,2,8,1,3,5,1,7,2,10,0,3,2,1,1,3,1,6,1,1,2,1,1,1,2,1,1,1,1,0,0,3,1,0,2,1,1,1,2,1,0,2,1,1,2,1,1,3,0,1,1,1,1,1,1,1,1,1,1,1,1,1,1,1
morichika_rinnosuke,38,40,17,9,11,13,17,9,9,19,9,21,11,15,11,12,15,10,3,7,7,11,4,12,10,2,9,8,9,6,9,3,2,7,2,7,6,1,5,2,13,0,6,3,2,3,8,6,5,11,10,10,3,4,0,5,6,1,1,1,1,3,9,1,4,1,2,2,7,1,10,2,2,8,9,10,,4,6,6,0,3,2,1,1,2,0,0,2,5,6,3,5,3,1,3,0,0,5,1,5,1,6,1,4,6,2,7,1,3,6,1,5,3,8,0,3,2,1,1,2,1,4,1,1,2,1,1,1,1,2,1,1,0,0,0,1,1,0,2,2,1,1,2,1,0,1,1,1,1,1,1,2,0,1,1,1,1,1,1,1,1,1,1,1,1,1,1,1
himekaidou_hatate,16,13,8,10,6,8,8,11,7,13,9,9,179,14,9,11,8,8,1,10,5,9,6,7,6,2,9,69,8,8,7,2,4,5,1,5,7,4,4,2,22,0,7,1,2,3,7,4,7,6,6,9,5,4,12,3,6,1,1,1,1,3,8,3,8,1,2,1,5,1,7,3,4,10,5,5,4,,5,6,0,1,2,1,2,2,0,2,2,5,4,3,3,1,2,2,0,2,5,1,5,1,4,1,4,3,2,4,1,4,3,1,5,1,3,0,2,1,1,1,4,1,4,1,1,3,1,1,1,2,1,1,1,0,0,0,1,1,0,1,1,1,1,2,1,0,1,1,1,2,1,1,3,1,1,1,1,1,1,1,1,1,1,1,2,1,1,1,1
lily_white,11,12,8,7,9,10,10,7,7,18,11,10,9,8,8,11,9,9,1,8,8,8,3,14,8,1,8,8,9,8,7,2,2,5,1,6,8,1,4,2,7,0,7,1,2,2,6,4,5,8,9,8,3,4,0,4,8,1,1,2,1,3,10,1,5,1,2,1,8,1,8,1,2,7,7,8,6,5,,6,0,1,2,1,1,2,0,0,1,9,15,3,7,2,1,3,0,0,9,1,9,1,5,1,4,5,2,6,1,4,5,1,10,1,5,0,3,2,1,1,3,1,8,1,1,2,1,1,1,2,1,1,1,0,0,0,1,1,0,2,1,1,1,2,1,0,1,1,1,2,1,1,3,0,1,1,1,1,1,1,1,1,1,1,1,1,1,1,1
hoshiguma_yuugi,33,28,10,35,14,20,18,42,21,11,13,22,26,21,9,24,12,26,2,10,7,17,5,11,12,1,80,12,16,18,30,1,2,5,3,489,16,1,4,2,16,1,11,1,1,9,30,5,5,22,9,14,6,7,0,3,6,1,0,1,0,2,10,1,5,1,2,1,9,1,7,1,3,21,10,14,6,6,6,,1,1,1,2,1,2,1,3,3,6,6,2,6,2,1,3,0,0,8,1,8,1,6,2,7,5,1,34,1,2,6,1,5,1,5,0,3,2,1,1,3,0,5,1,1,2,1,1,1,2,1,1,1,0,0,0,1,1,0,2,1,1,1,3,1,0,1,2,1,2,1,1,3,0,1,1,1,1,1,1,1,1,1,1,1,1,1,1,1
yomotsu_hisami,1,0,0,0,0,1,0,0,1,0,1,0,0,0,0,0,0,0,0,0,0,0,0,0,0,0,1,0,1,1,0,0,0,0,0,0,0,0,0,0,0,1,0,0,0,0,0,0,0,0,0,0,0,0,1,0,0,0,0,0,0,0,0,0,0,0,0,0,0,1,0,0,0,0,0,0,0,0,0,1,,0,0,0,1,0,70,0,0,0,0,0,0,0,0,0,0,1,1,2,0,0,0,0,0,0,0,0,0,0,0,0,0,0,0,0,0,0,0,0,0,0,0,0,0,0,0,0,0,0,0,0,0,0,0,1,0,0,0,0,0,0,0,0,0,0,0,0,0,0,0,0,0,0,0,0,0,0,0,0,0,0,0,0,0,0,0,0,0
usami_sumireko,12,5,2,2,1,1,0,1,32,2,1,3,3,4,1,27,2,1,1,1,1,3,1,1,1,1,1,1,1,1,1,1,1,12,1,1,1,1,1,1,1,0,1,1,3,3,1,12,1,2,1,1,1,1,0,0,1,7,0,1,0,1,2,1,1,1,0,1,1,1,1,2,1,2,1,1,3,1,1,1,0,,1,0,1,1,0,0,2,1,1,1,0,0,1,1,0,0,1,1,1,0,1,1,1,1,1,1,1,1,1,2,1,0,0,0,1,0,1,1,1,0,1,0,1,1,2,0,1,0,1,0,1,0,0,0,1,0,0,0,0,0,0,1,0,0,1,1,0,0,0,0,0,0,0,0,0,0,0,0,0,0,0,0,0,0,0,0,0
niwatari_kutaka,2,2,2,2,1,2,1,2,2,3,2,2,3,2,2,2,2,2,1,3,1,2,1,2,9,2,2,1,2,2,7,2,2,2,2,1,2,2,1,2,1,4,1,3,3,2,2,1,2,2,2,2,1,1,0,1,2,2,1,4,1,3,2,2,2,2,0,1,2,6,1,1,2,1,1,10,2,2,2,1,0,1,,2,2,2,0,0,2,2,1,3,1,0,2,1,0,0,1,8,1,0,2,2,1,2,3,1,2,5,2,2,2,0,0,0,1,0,1,2,1,1,1,0,2,1,2,0,2,0,2,0,2,0,0,0,4,0,0,0,0,0,0,1,0,0,6,2,0,0,0,0,0,0,0,0,0,0,0,0,0,0,0,0,0,0,0,0,0
imaizumi_kagerou,5,3,1,2,2,5,3,1,6,5,1,1,4,2,16,2,2,3,2,1,2,1,4,5,1,1,3,45,6,5,3,1,1,1,5,2,2,0,1,3,3,0,0,1,2,0,2,0,0,5,2,1,1,1,0,1,2,1,1,1,1,2,1,54,1,1,0,0,49,1,1,0,3,0,0,1,1,1,1,2,0,0,2,,1,1,0,0,4,1,0,2,1,0,10,0,0,0,0,1,2,0,1,199,1,1,2,0,1,3,1,1,2,0,0,0,0,0,0,1,0,1,0,0,2,0,1,0,1,0,1,0,2,0,0,0,1,0,0,0,0,0,0,0,0,0,1,1,0,0,0,0,0,0,0,0,0,0,0,0,0,0,0,0,0,0,0,0,0
komano_aunn,26,12,1,1,1,2,0,2,1,1,2,2,4,2,1,4,1,1,1,1,2,1,2,1,1,2,7,1,1,1,1,1,2,2,3,1,1,1,4,2,2,0,1,2,3,3,3,2,1,1,3,2,1,1,0,0,1,2,0,3,0,2,1,2,1,2,0,1,2,2,2,4,2,1,1,1,1,2,1,1,1,1,2,1,,2,0,0,9,1,1,2,0,0,2,1,0,0,1,2,1,0,2,2,1,2,2,1,2,3,2,2,1,0,0,0,1,0,1,2,1,1,1,0,2,2,2,0,2,0,3,0,2,0,0,2,2,0,1,0,0,0,0,1,0,0,2,2,0,0,0,0,0,0,0,0,0,0,0,0,0,0,0,0,0,0,0,0,0
soga_no_tojiko,9,5,4,6,4,4,4,6,8,5,4,4,5,5,3,5,4,5,8,3,3,3,7,2,3,2,3,3,3,3,3,1,235,3,4,2,2,1,2,175,3,0,2,2,6,6,4,3,20,5,3,5,6,7,0,1,3,2,0,2,0,52,4,2,6,2,1,1,2,2,2,1,6,6,4,2,2,2,2,2,0,1,2,1,2,,0,0,4,3,2,23,1,1,4,2,0,0,2,7,2,1,2,2,8,2,2,4,2,8,2,2,3,1,1,0,3,1,1,2,10,0,4,1,2,2,2,1,2,1,2,1,2,0,0,0,2,1,0,1,1,1,1,2,1,0,2,2,1,1,1,1,5,0,1,1,1,1,1,1,1,1,1,1,1,1,1,1,1
nippaku_zanmu,0,0,0,0,0,0,0,0,1,0,0,0,0,0,0,0,0,0,0,0,0,0,0,0,0,0,1,0,1,1,0,0,0,0,0,0,0,0,0,0,0,1,0,0,0,0,0,0,0,0,0,0,0,0,1,0,0,0,0,0,0,0,0,0,0,0,0,0,0,1,0,0,0,0,0,0,0,0,0,1,70,0,0,0,0,0,,0,0,0,0,0,0,0,0,0,1,1,0,2,0,0,0,0,0,0,0,0,0,0,0,0,0,0,0,0,0,0,0,0,0,0,0,0,0,0,0,0,0,0,0,0,0,0,0,0,0,0,0,0,0,0,0,0,0,0,0,0,0,0,0,0,0,0,0,0,0,0,0,0,0,0,0,0,0,0,0,0,0
okunoda_miyoi,3,1,0,0,0,0,0,0,0,0,0,0,4,0,0,0,0,0,0,0,0,0,2,0,0,0,10,0,0,0,0,0,0,0,0,0,0,0,1,0,0,0,0,0,0,0,0,0,0,0,0,0,0,0,0,0,0,0,0,0,0,0,0,2,0,0,0,0,0,0,0,0,3,0,0,0,0,2,0,3,0,0,0,0,0,0,0,,0,0,0,0,0,0,0,0,0,0,0,0,0,0,0,0,0,0,0,0,0,0,0,0,0,0,0,0,0,0,0,0,0,0,0,0,0,0,0,0,0,0,0,0,0,0,0,0,0,0,0,0,0,0,0,0,0,0,0,0,0,0,0,0,0,0,0,0,0,0,0,0,0,0,0,0,0,0,0,0,0
sukuna_shinmyoumaru,42,23,3,4,5,8,5,4,4,2,6,1,5,6,3,8,1,4,1,7,2,4,4,2,3,4,9,2,3,4,4,4,5,2,118,2,1,2,6,2,4,1,3,3,2,2,3,2,2,4,4,2,1,1,0,0,2,2,0,3,0,3,1,4,2,2,0,3,1,2,2,4,3,3,1,2,2,2,1,3,0,2,2,4,9,4,0,0,,1,1,3,0,0,4,1,0,0,1,2,1,0,3,4,1,3,2,1,2,2,3,2,1,0,2,0,1,0,1,2,2,0,1,0,5,2,2,0,2,0,2,0,5,0,0,0,2,0,1,0,0,0,0,1,0,0,4,2,0,0,0,0,0,0,0,0,0,0,0,0,0,0,0,0,0,0,0,0,0
lunasa_prismriver,11,12,10,7,43,9,8,10,6,8,18,14,8,8,11,18,8,7,1,8,8,8,3,7,7,1,10,6,13,7,7,2,4,4,1,7,8,1,5,3,6,0,6,1,2,2,6,3,4,8,10,9,2,3,0,4,7,1,1,1,1,4,12,2,5,1,2,1,7,1,11,1,3,8,8,7,5,5,9,6,0,1,2,1,1,3,0,0,1,,9,3,7,2,9,3,0,0,7,1,7,1,6,1,3,5,2,8,1,4,6,1,56,2,7,0,3,2,1,1,3,1,57,1,3,2,1,1,1,2,1,1,2,0,0,0,1,1,0,2,1,1,1,2,1,0,1,1,1,2,1,1,2,0,2,1,1,1,1,1,1,1,1,1,1,1,1,1,1
letty_whiterock,23,12,8,6,10,10,8,8,9,32,10,14,8,9,9,13,9,9,1,7,8,7,4,20,7,2,7,7,10,7,6,1,2,4,1,7,8,1,4,2,9,0,8,1,1,2,7,4,4,9,11,7,4,4,0,3,7,1,0,1,0,3,19,1,4,1,2,1,8,1,8,1,4,7,8,8,6,4,15,6,0,1,1,0,1,2,0,0,1,9,,2,5,2,1,4,0,0,11,1,14,1,4,1,4,4,1,6,1,2,4,1,10,1,8,0,3,2,1,1,3,0,9,1,1,3,1,1,1,2,1,1,1,0,0,0,1,1,0,2,1,1,1,2,1,0,1,1,1,2,1,1,3,0,1,1,1,1,1,1,1,1,1,1,1,1,1,1,1
miyako_yoshika,7,6,3,6,4,5,3,6,3,3,7,4,6,7,3,5,3,6,2,3,2,4,13,4,4,3,3,3,4,4,4,2,26,5,3,2,4,2,2,21,2,0,2,2,7,21,6,4,9,4,4,4,6,5,0,2,4,2,1,2,1,139,3,2,5,2,1,1,3,2,2,1,5,3,2,4,3,3,3,2,0,1,3,2,2,23,0,0,3,3,2,,2,1,2,2,0,0,2,2,2,1,3,2,4,3,3,2,2,10,3,2,3,1,1,0,2,1,1,2,4,1,2,1,2,2,2,1,2,1,2,1,2,0,0,0,2,1,0,1,1,1,1,2,1,0,2,2,1,1,1,1,2,0,1,1,1,1,1,1,1,1,1,1,1,1,1,1,1
medicine_melancholy,9,11,10,7,6,8,9,8,6,10,6,16,9,6,6,10,9,7,0,8,8,9,1,22,7,0,10,7,9,8,9,1,1,3,0,8,9,0,3,1,7,0,17,0,1,1,6,2,2,7,8,10,1,4,0,4,7,0,1,0,1,2,7,0,4,0,2,0,7,0,11,0,1,6,8,7,5,3,7,6,0,0,1,1,0,1,0,0,0,7,5,2,,2,0,2,0,0,7,0,7,1,6,0,3,5,1,7,0,2,6,0,6,1,6,0,2,2,0,0,3,1,6,1,0,1,0,1,0,2,0,1,0,0,0,0,0,1,0,2,1,1,1,1,1,0,0,0,1,2,1,1,3,0,1,1,1,1,1,1,1,1,1,1,1,1,1,1,1
okazaki_yumemi,2,2,2,2,2,2,2,2,1,2,2,2,2,1,2,3,2,2,0,2,2,2,1,2,2,0,2,2,2,2,2,0,1,3,0,2,2,0,3,1,2,0,2,0,0,1,2,3,1,2,2,2,1,1,0,2,2,0,0,0,0,1,2,0,1,0,2,0,2,0,2,0,1,2,2,2,3,1,2,2,0,0,0,0,0,1,0,0,0,2,2,1,2,,0,1,0,0,2,0,2,1,2,0,1,2,0,2,0,1,2,0,2,1,2,0,1,2,0,0,1,0,2,1,0,1,0,1,0,1,0,1,0,0,0,0,0,1,0,2,8,1,1,1,1,0,0,0,1,1,1,1,1,0,1,1,1,1,1,3,1,1,1,1,1,1,1,1,1
horikawa_raiko,1,1,1,1,1,1,0,1,1,1,1,1,3,1,1,1,1,1,3,1,1,1,3,3,1,2,1,1,1,1,1,1,4,1,3,1,1,6,1,2,1,0,1,2,2,1,1,1,2,1,2,1,1,1,0,0,1,2,0,3,0,2,1,3,1,2,0,1,1,2,2,1,2,1,3,1,1,2,1,1,0,1,2,10,2,4,0,0,4,9,1,2,0,0,,1,0,0,1,2,1,0,1,4,1,1,2,1,2,2,1,2,8,0,0,0,1,0,1,2,1,0,6,0,16,1,2,0,2,0,2,0,15,0,0,0,2,0,0,0,0,0,0,1,0,0,2,2,0,0,0,0,0,0,0,0,0,0,0,0,0,0,0,0,0,0,0,0,0
watatsuki_no_yorihime,13,4,3,3,5,3,3,3,2,3,6,9,4,4,14,6,3,3,1,10,3,3,2,4,3,5,4,3,3,17,3,1,2,2,1,3,21,1,3,2,3,0,3,6,1,3,4,2,2,3,3,3,2,2,0,1,3,1,0,1,0,2,3,1,2,1,1,1,7,1,4,1,2,3,3,3,3,2,3,3,0,1,1,0,1,2,0,0,1,3,4,2,2,1,1,,0,0,4,1,4,1,4,1,2,4,2,3,1,2,4,1,3,1,1,0,38,1,1,1,3,0,3,1,1,3,1,1,1,1,1,1,1,0,0,0,1,2,0,1,1,1,1,2,1,0,2,1,1,1,1,1,1,0,1,1,1,1,1,1,1,1,1,1,1,1,1,1,1
tenkajin_chiyari,0,0,2,0,0,0,0,0,0,0,0,0,0,0,0,4,0,0,0,0,0,0,0,0,0,0,0,0,9,0,0,0,0,0,0,0,0,0,0,0,0,27,0,0,1,0,0,0,0,0,1,0,0,0,0,0,0,1,0,0,1,0,0,0,0,0,0,0,0,1,0,0,0,0,0,0,0,0,0,0,0,0,0,0,0,0,1,0,0,0,0,0,0,0,0,0,,0,0,1,0,0,0,0,0,0,0,0,0,0,0,0,0,0,0,0,0,0,0,0,0,0,0,0,0,0,0,0,0,0,0,0,0,0,0,0,0,0,0,0,0,0,0,0,0,0,0,0,0,0,0,0,0,0,0,0,0,0,0,0,0,0,0,0,0,0,0,0,0
himemushi_momoyo,0,0,0,0,0,0,0,0,1,0,0,0,2,0,0,0,0,0,0,0,0,0,0,0,0,0,0,2,2,1,0,0,0,0,0,0,0,0,0,0,0,0,0,0,0,0,0,0,0,0,0,0,0,0,36,0,0,0,4,0,18,0,0,0,0,0,0,0,0,4,0,0,0,0,0,0,0,2,0,0,1,0,0,0,0,0,1,0,0,0,0,0,0,0,0,0,0,,0,1,0,0,0,0,0,0,0,0,0,0,0,0,0,0,0,0,0,0,0,0,0,0,0,0,0,0,0,0,0,0,0,0,0,0,0,0,0,0,0,0,0,0,0,0,0,0,1,0,0,0,0,0,0,0,0,0,0,0,0,0,0,0,0,0,0,0,0,0,0
aki_minoriko,32,16,9,7,9,11,9,7,9,13,9,13,20,22,9,13,11,8,1,8,8,26,4,17,9,2,9,24,9,9,10,3,2,4,1,8,9,2,5,2,20,0,31,1,1,2,10,4,5,8,11,9,4,10,0,3,9,1,0,1,0,3,12,1,4,1,3,3,8,1,11,2,3,24,8,9,5,5,9,8,1,1,1,0,1,2,0,0,1,7,11,2,7,2,1,4,0,0,,1,115,1,7,1,5,6,2,7,1,2,7,1,7,2,8,0,3,2,1,1,3,0,6,1,1,2,1,1,1,2,1,1,1,0,0,0,1,1,0,2,1,1,1,2,1,0,1,1,1,2,1,1,3,0,1,1,1,1,1,1,1,1,1,1,1,1,1,1,1
kurokoma_saki,1,1,1,1,1,1,0,1,2,1,1,1,1,1,1,1,1,1,3,1,1,1,1,1,2,2,1,1,4,2,1,1,74,1,2,1,1,2,1,5,3,9,1,2,2,1,1,1,8,1,1,1,1,3,1,0,1,2,0,3,0,4,1,2,1,11,0,1,1,112,1,1,2,1,1,2,1,1,1,1,2,1,8,1,2,7,2,0,2,1,1,2,0,0,2,1,1,1,1,,1,0,1,2,1,1,2,1,7,2,1,2,1,0,0,0,1,0,1,2,1,0,1,0,2,1,2,0,2,0,2,0,2,0,1,0,3,0,0,0,0,0,0,1,0,0,2,2,0,0,0,0,0,0,0,0,0,0,0,0,0,0,0,0,0,0,0,0,0
aki_shizuha,15,14,9,7,9,11,9,7,9,12,8,14,21,19,9,11,10,8,1,8,9,24,4,19,9,2,9,26,9,9,8,3,2,4,1,8,9,2,5,2,19,0,26,1,1,2,10,4,4,8,11,8,3,10,0,3,9,1,0,1,0,2,11,1,4,1,3,3,8,1,10,2,2,25,8,9,5,5,9,8,0,1,1,2,1,2,0,0,1,7,14,2,7,2,1,4,0,0,115,1,,1,7,3,4,6,2,7,1,2,7,1,6,2,8,0,3,2,1,1,3,0,6,1,1,2,1,1,1,2,1,1,1,0,0,0,1,1,0,2,1,1,1,2,1,0,1,1,1,2,1,1,3,0,1,1,1,1,1,1,1,1,1,1,1,1,1,1,1
gengetsu_(touhou),1,1,2,1,1,1,1,1,0,1,1,1,1,0,1,1,1,1,0,1,1,1,1,4,1,0,1,1,1,1,1,0,1,1,0,1,1,0,1,3,1,0,1,0,0,1,1,1,1,1,1,1,1,1,0,2,1,0,0,0,0,1,1,0,1,0,1,0,1,0,1,0,1,1,1,1,1,1,1,1,0,0,0,0,0,1,0,0,0,1,1,1,1,1,0,1,0,0,1,0,1,,1,0,1,1,0,1,0,1,1,0,1,1,1,0,1,8,0,0,1,0,1,1,0,1,0,1,0,1,0,2,0,0,0,0,0,1,0,3,1,2,1,1,1,0,0,0,1,1,1,1,1,0,1,1,1,1,1,1,1,1,1,1,1,1,1,1,1
luna_child,13,16,7,5,5,7,7,5,5,16,6,8,10,5,5,8,5,6,1,7,9,10,4,8,5,1,10,6,6,5,8,2,2,4,1,5,5,1,8,2,4,0,6,1,2,3,8,3,2,6,9,7,4,7,0,3,5,1,1,4,2,3,11,1,4,1,2,1,6,1,9,1,2,4,5,5,6,4,5,6,0,1,2,1,2,2,0,0,3,6,4,3,6,2,1,4,0,0,7,1,7,1,,1,2,44,2,6,1,3,45,1,5,1,3,0,3,2,1,1,3,1,4,1,1,2,1,1,1,1,1,1,1,0,0,0,1,1,0,2,1,1,1,3,1,0,1,1,1,1,1,1,1,1,1,1,1,1,1,1,1,1,1,1,1,1,1,1,1
wakasagihime,2,4,1,2,2,4,1,2,3,6,1,1,1,2,2,2,2,3,3,1,3,1,5,3,1,2,2,2,2,2,2,1,2,1,5,3,2,1,2,4,4,0,1,2,2,1,1,1,2,2,2,1,2,2,0,0,1,2,0,2,0,3,1,55,1,2,0,1,1,2,2,1,3,1,1,1,1,1,1,2,0,1,2,199,2,2,0,0,4,1,1,2,0,0,4,1,0,0,1,2,3,0,1,,1,1,2,1,2,2,1,2,1,0,0,0,1,0,1,2,1,0,1,0,3,1,2,0,2,0,2,0,3,0,0,0,2,0,0,0,0,0,0,1,0,0,2,2,0,0,0,0,0,0,0,0,0,0,0,0,0,0,0,0,0,0,0,0,0
toramaru_shou,12,10,8,9,4,10,8,8,9,8,4,6,8,16,7,10,6,13,6,6,4,7,23,5,6,1,6,6,19,9,10,2,6,4,2,8,8,1,2,7,6,0,5,1,2,4,13,4,95,6,10,6,38,222,0,2,5,1,0,1,0,5,5,1,77,1,1,3,4,1,4,1,14,6,7,6,4,4,4,7,0,1,1,1,1,8,0,0,1,3,4,4,3,1,1,2,0,0,5,1,4,1,2,1,,2,1,5,1,19,2,1,3,1,4,0,2,1,1,1,43,0,4,1,1,2,1,1,1,2,1,1,1,0,0,0,1,1,0,1,1,1,1,2,1,0,1,1,1,2,1,1,20,0,1,1,1,1,1,1,1,1,1,1,1,1,1,1,1
star_sapphire,13,13,6,5,5,7,8,5,5,13,6,5,9,5,5,6,6,6,1,7,5,9,2,8,5,1,8,6,5,5,5,2,2,4,1,4,5,1,5,2,4,0,6,1,2,3,8,3,2,5,9,6,2,5,0,3,6,1,1,7,1,3,11,1,3,1,2,1,6,1,8,1,2,4,5,5,6,3,5,5,0,1,2,1,2,2,0,0,3,5,4,3,5,2,1,4,0,0,6,1,6,1,44,1,2,,2,5,1,3,43,1,5,1,3,0,3,2,1,3,2,1,4,1,1,2,1,1,1,1,1,1,1,0,0,0,1,1,0,2,1,1,1,3,1,0,1,1,1,1,1,1,1,0,1,1,1,1,1,1,1,1,1,1,1,1,1,1,1
seiran_(touhou),3,3,3,2,1,2,1,2,2,2,2,3,2,2,15,2,2,2,1,2,1,2,1,2,2,2,2,1,2,5,2,2,2,2,2,1,5,1,1,2,1,0,1,6,3,1,1,1,1,2,2,2,1,1,0,1,2,5,1,2,1,3,2,2,2,2,0,1,9,2,1,1,2,1,1,2,2,2,2,1,0,1,3,2,2,2,0,0,2,2,1,3,1,0,2,2,0,0,2,2,2,0,2,2,1,2,,1,2,3,2,2,2,0,0,0,1,0,1,2,1,1,1,0,2,1,2,0,64,0,2,0,2,0,0,0,2,0,0,0,0,0,0,1,0,0,2,2,0,0,0,0,0,0,0,0,0,0,0,0,0,0,0,0,0,0,0,0,0
kurodani_yamame,12,11,11,21,7,6,9,25,6,10,7,7,8,14,7,10,7,7,1,8,9,8,7,12,9,1,10,6,8,6,19,1,4,4,1,71,8,1,4,2,12,0,7,1,1,5,21,4,5,8,8,12,5,8,0,3,6,1,0,2,0,4,9,1,5,1,2,1,7,1,31,1,2,6,8,8,7,4,6,34,0,1,1,0,1,4,0,0,1,8,6,2,7,2,1,3,0,0,7,1,7,1,6,1,5,5,1,,1,2,6,1,6,1,5,0,3,2,1,2,4,0,6,1,1,2,1,1,1,2,1,1,1,0,0,0,1,1,0,2,1,1,1,2,1,0,2,1,1,2,1,1,4,0,1,1,1,1,1,1,1,1,1,1,1,1,1,1,1
joutouguu_mayumi,1,1,1,1,1,1,0,1,1,1,1,1,1,1,1,1,1,1,1,1,1,1,1,1,1,2,1,1,1,1,1,1,2,1,2,1,1,1,1,2,1,0,1,2,2,1,1,1,1,1,1,1,1,1,0,0,1,2,0,2,0,2,1,2,1,65,0,1,1,13,1,1,2,1,1,1,1,1,1,1,0,1,2,1,2,2,0,0,2,1,1,2,0,0,2,1,0,0,1,7,1,0,1,2,1,1,2,1,,2,1,2,1,0,0,0,1,0,1,2,1,0,1,0,2,1,2,0,2,0,2,0,2,0,0,0,2,0,2,0,0,0,0,1,0,0,2,2,0,0,0,0,0,0,0,0,0,0,0,0,0,0,0,0,0,0,0,0,0
kasodani_kyouko,3,4,3,6,2,3,2,3,2,3,3,3,4,2,3,3,3,3,3,3,2,3,17,3,3,2,3,9,3,3,3,2,7,3,2,3,3,1,3,8,2,0,2,2,3,2,2,2,19,4,3,38,22,25,0,2,3,2,1,2,1,6,3,2,21,2,1,2,3,2,3,1,28,3,2,3,3,4,4,2,0,1,5,3,3,8,0,0,2,4,2,10,2,1,2,2,0,0,2,2,2,1,3,2,19,3,3,2,2,,4,2,5,1,1,0,2,1,1,2,18,1,3,1,2,2,2,1,2,1,2,1,2,0,0,0,2,1,0,1,1,1,1,2,1,0,2,2,1,1,1,1,6,0,1,1,1,1,1,1,1,1,1,1,1,1,1,1,1
sunny_milk,12,14,10,5,7,7,7,5,5,21,6,6,10,6,6,7,5,6,2,8,7,10,2,8,6,1,8,6,6,5,5,2,2,4,1,5,5,1,5,2,4,0,6,1,2,3,9,3,2,7,9,7,2,6,0,4,5,1,1,4,1,3,11,1,3,1,2,1,7,1,9,1,2,4,5,5,6,3,5,6,0,1,2,1,2,2,0,0,3,6,4,3,6,2,1,4,0,0,7,1,7,1,45,1,2,43,2,6,1,4,,1,5,1,3,0,3,2,1,1,2,1,4,1,1,2,1,1,1,1,1,1,1,0,0,0,1,1,0,2,1,1,1,3,1,0,1,1,1,1,1,1,1,0,1,1,1,1,1,1,1,1,1,1,1,1,1,1,1
teireida_mai,1,1,2,1,1,1,0,1,1,1,1,1,2,1,1,4,1,1,1,1,1,1,1,1,1,2,1,1,1,1,1,1,2,1,2,1,1,1,1,2,1,0,1,2,30,1,1,1,1,1,1,1,1,1,2,0,1,2,0,2,2,2,1,2,1,2,0,1,1,2,1,1,2,1,1,1,1,1,1,1,0,2,2,1,2,2,0,0,2,1,1,2,0,0,2,1,0,0,1,2,1,0,1,2,1,1,2,1,2,2,1,,1,0,0,0,1,0,1,7,1,0,1,0,2,1,70,0,2,0,2,0,2,0,0,0,2,0,0,0,0,0,0,1,0,0,2,2,0,0,0,0,0,0,0,0,0,0,0,0,0,0,0,0,0,0,0,0,0
merlin_prismriver,9,9,7,6,14,7,7,6,6,7,11,10,7,6,7,13,9,7,1,7,6,7,3,7,7,1,7,7,10,7,6,2,3,4,1,6,8,1,4,3,6,0,6,1,2,2,5,3,4,7,10,9,2,3,0,4,7,1,1,1,1,4,7,2,4,1,2,1,7,1,6,1,3,7,7,7,5,5,10,5,0,1,2,2,1,3,0,0,1,56,10,3,6,2,8,3,0,0,7,1,6,1,5,1,3,5,2,6,1,5,5,1,,2,7,0,3,2,1,1,3,1,54,1,4,2,1,1,1,2,1,1,2,0,0,0,1,1,0,2,1,1,1,2,1,0,1,1,1,2,1,1,2,0,1,1,1,1,1,1,1,1,1,1,1,1,1,1,1
hourai_doll,9,29,2,1,1,2,2,1,1,2,2,33,3,4,1,2,6,1,1,2,1,2,1,4,2,0,1,2,1,1,1,0,1,1,0,1,1,0,1,1,4,0,3,0,0,1,2,1,2,2,1,2,1,1,0,2,1,0,0,0,0,1,1,0,1,0,1,0,1,0,1,0,1,2,2,2,3,1,1,1,0,0,0,0,0,1,0,0,0,2,1,1,1,1,0,1,0,0,2,0,2,1,1,0,1,1,0,1,0,1,1,0,2,,34,0,1,1,0,0,1,0,2,1,0,1,0,1,0,1,0,1,0,0,0,0,0,1,0,1,1,1,1,1,1,0,0,0,1,1,1,1,1,0,1,1,1,1,1,1,1,1,1,1,1,1,1,2,1
shanghai_doll,77,279,23,12,14,36,25,12,14,18,10,345,25,18,11,17,52,10,1,11,10,11,2,30,9,0,12,9,9,9,9,0,1,3,1,6,11,0,2,1,16,0,7,0,0,1,6,3,5,7,13,11,2,7,0,4,12,0,0,0,0,1,9,0,4,0,4,0,12,0,8,0,1,8,8,10,8,3,5,5,0,0,0,0,0,1,0,0,2,7,8,1,6,2,0,1,0,0,8,0,8,1,3,0,4,3,0,5,0,1,3,0,7,34,,0,1,2,0,0,3,0,8,1,1,1,0,1,0,2,2,1,1,0,0,0,0,1,0,2,1,1,1,1,1,0,0,0,1,2,1,1,4,0,1,1,1,1,1,1,1,1,1,1,1,1,1,1,1
miyadeguchi_mizuchi,3,0,0,0,0,0,0,2,0,0,0,0,0,0,0,0,0,0,0,0,0,0,0,0,0,0,0,0,0,0,0,0,0,0,0,0,0,0,0,0,0,0,0,0,0,0,0,0,0,0,0,0,0,0,0,0,0,0,0,0,0,0,0,0,0,0,0,0,0,0,0,0,0,0,0,0,0,0,0,0,0,0,0,0,0,0,0,0,0,0,0,0,0,0,0,0,0,0,0,0,0,0,0,0,0,0,0,0,0,0,0,0,0,0,0,,0,0,0,0,0,0,0,0,0,0,0,0,0,0,0,0,0,0,0,0,0,0,0,0,0,0,0,0,0,0,0,0,0,0,0,0,0,0,0,0,0,0,0,0,0,0,0,0,0,0,0,0,0
watatsuki_no_toyohime,5,3,3,3,5,3,2,3,3,3,6,3,3,2,10,5,3,3,1,5,3,3,2,3,3,1,3,3,3,17,3,1,2,2,1,3,18,1,3,2,3,0,3,7,1,2,3,2,2,4,3,3,2,2,0,1,3,2,0,1,0,2,3,1,2,1,1,1,7,1,3,1,2,3,3,3,3,2,3,3,0,1,1,0,1,3,0,0,1,3,3,2,2,1,1,38,0,0,3,1,3,1,3,1,2,3,1,3,1,2,3,1,3,1,1,0,,1,1,1,2,0,3,1,1,2,1,1,1,1,1,1,1,0,0,0,1,1,0,1,1,1,1,2,1,0,1,1,1,1,1,1,1,0,1,1,1,1,1,1,1,1,1,1,1,1,1,1,1
mugetsu_(touhou),2,2,2,2,2,2,2,2,1,2,2,2,2,1,2,2,2,2,0,2,2,2,1,3,2,0,2,2,2,2,2,0,1,2,0,2,2,0,2,1,2,0,2,0,0,1,2,2,1,2,2,2,1,1,0,3,2,0,0,0,0,1,2,0,1,0,2,0,2,0,2,0,1,2,2,2,2,1,2,2,0,0,0,0,0,1,0,0,0,2,2,1,2,2,0,1,0,0,2,0,2,8,2,0,1,2,0,2,0,1,2,0,2,1,2,0,1,,0,0,1,0,2,1,0,1,0,2,0,1,0,1,0,0,0,0,0,1,0,4,1,2,1,1,1,0,0,0,1,1,1,1,1,0,1,1,1,1,1,1,1,1,1,1,1,1,1,1,1
fortune_teller_(touhou),1,1,1,1,1,1,0,1,1,1,1,1,1,1,1,1,1,1,1,1,1,1,1,1,1,1,1,1,1,1,1,1,1,1,1,1,1,1,1,1,1,0,1,1,1,1,1,1,1,1,1,1,1,1,0,0,1,1,0,1,0,1,1,1,1,1,0,1,1,1,1,1,1,1,1,1,1,1,1,1,0,1,1,0,1,1,0,0,1,1,1,1,0,0,1,1,0,0,1,1,1,0,1,1,1,1,1,1,1,1,1,1,1,0,0,0,1,0,,1,1,0,1,0,1,1,1,0,1,0,1,0,1,0,0,0,1,0,0,0,0,0,0,1,0,0,1,1,0,0,0,0,0,0,0,0,0,0,0,0,0,0,0,0,0,0,0,0,0
eternity_larva,1,1,1,1,1,1,0,1,1,7,1,1,1,1,1,1,1,1,1,1,1,1,1,1,1,2,1,1,1,1,1,1,2,1,2,1,1,1,1,2,1,0,1,2,41,1,1,1,1,1,1,1,1,1,0,0,1,2,0,4,0,2,2,2,1,2,0,1,1,2,2,1,2,1,1,1,1,1,1,1,0,1,2,1,2,2,0,0,2,1,1,2,0,0,2,1,0,0,1,2,1,0,1,2,1,3,2,2,2,2,1,7,1,0,0,0,1,0,1,,1,0,1,0,2,1,7,0,2,0,2,0,2,0,0,0,2,0,0,0,0,0,0,1,0,0,2,2,0,0,0,0,0,0,0,0,0,0,0,0,0,0,0,0,0,0,0,0,0
kumoi_ichirin,11,6,4,9,4,6,5,6,4,4,4,15,5,6,3,4,6,4,7,5,4,5,38,5,3,1,4,5,4,4,5,1,11,3,2,4,4,1,2,31,4,0,4,1,1,2,4,3,50,4,4,5,46,49,0,2,4,1,0,2,0,8,3,1,158,1,2,2,3,1,3,1,15,6,4,3,2,4,3,3,0,1,1,0,1,10,0,0,2,3,3,4,3,1,1,3,0,0,3,1,3,1,3,1,43,2,1,4,1,18,2,1,3,1,3,0,2,1,1,1,,0,4,1,1,2,1,1,1,2,1,2,1,0,0,0,1,1,0,1,1,1,1,2,1,0,1,1,1,2,1,1,36,0,1,1,1,1,1,1,1,1,1,1,1,1,1,1,1
goutokuji_mike,2,1,1,1,0,1,1,1,1,1,1,1,1,1,1,1,1,1,0,1,0,1,0,1,1,0,1,0,1,1,1,1,0,1,0,0,1,0,0,0,0,0,0,0,1,0,6,0,0,1,7,1,0,4,0,1,1,0,1,0,1,1,1,0,1,0,0,0,1,0,0,0,0,0,0,1,1,1,1,0,0,0,1,1,1,0,0,0,0,1,0,1,1,0,0,0,0,0,0,0,0,0,1,0,0,1,1,0,0,1,1,0,1,0,0,0,0,0,0,0,0,,0,0,0,0,0,0,0,0,0,0,0,0,0,0,0,0,0,0,0,0,0,0,0,0,0,0,0,0,0,0,0,0,0,0,0,0,0,0,0,0,0,0,0,0,0,0,0
lyrica_prismriver,9,10,7,6,12,7,7,6,6,6,10,10,7,5,6,11,8,7,1,7,6,6,3,6,6,1,7,7,9,7,6,1,3,3,1,6,8,1,4,3,7,0,7,1,1,2,5,3,3,6,9,9,2,4,0,3,6,1,0,1,0,2,6,2,4,1,2,1,6,1,6,1,2,7,8,6,4,4,8,5,0,1,1,0,1,4,0,0,1,57,9,2,6,2,6,3,0,0,6,1,6,1,4,1,4,4,1,6,1,3,4,1,54,2,8,0,3,2,1,1,4,0,,1,2,2,1,1,1,2,1,1,2,0,0,0,1,1,0,2,1,1,1,2,1,0,1,1,1,2,1,1,3,0,1,1,1,1,1,1,1,1,1,1,1,1,1,1,1
satsuki_rin,1,1,2,1,1,2,2,1,0,1,1,1,1,0,1,1,2,2,0,1,1,1,1,1,1,0,1,1,1,1,1,0,1,1,0,1,1,0,1,1,1,0,1,0,0,1,1,1,1,1,1,1,1,1,0,1,2,0,0,0,0,1,1,0,1,0,1,0,1,0,1,0,1,1,1,1,1,1,1,1,0,0,0,0,0,1,0,0,0,1,1,1,1,1,0,1,0,0,1,0,1,1,1,0,1,1,0,1,0,1,1,0,1,1,1,0,1,1,0,0,1,0,1,,0,1,0,1,0,1,0,1,0,0,0,0,0,1,0,1,1,1,1,1,1,0,0,0,1,1,1,1,1,0,1,1,1,1,1,1,1,1,1,1,1,1,1,1,1
tsukumo_benben,2,2,1,2,1,2,0,2,1,1,1,2,1,2,1,1,1,2,3,1,1,1,1,1,1,2,1,1,1,1,1,1,2,1,5,1,1,1,1,2,1,0,1,2,2,1,1,1,1,1,1,1,1,1,0,0,1,2,0,2,0,2,1,3,1,2,0,1,1,2,1,1,2,1,1,1,1,1,1,1,0,1,2,2,2,2,0,0,5,3,1,2,0,0,16,1,0,0,1,2,1,0,1,3,1,1,2,1,2,2,1,2,4,0,1,0,1,0,1,2,1,0,2,0,,1,2,0,2,0,2,0,52,0,0,0,2,0,0,0,0,0,0,1,0,0,2,2,0,0,0,0,0,0,0,0,0,0,0,0,0,0,0,0,0,0,0,0,0
tokiko_(touhou),3,2,2,2,2,2,1,2,1,2,2,2,3,1,2,2,3,2,1,2,3,2,3,2,2,1,3,2,2,2,3,1,2,2,1,2,2,1,3,2,3,0,2,1,1,2,2,2,2,2,2,15,2,2,0,1,3,1,0,1,0,2,3,1,2,1,1,1,2,1,3,2,2,2,2,2,2,3,2,2,0,1,1,0,2,2,0,0,2,2,3,2,1,1,1,3,0,0,2,1,2,1,2,1,2,2,1,2,1,2,2,1,2,1,1,0,2,1,1,1,2,0,2,1,1,,1,1,1,1,1,1,1,0,0,0,1,1,0,1,1,1,1,2,1,0,1,1,1,1,1,1,1,0,1,1,1,1,1,1,1,1,1,1,1,1,1,1,1
nishida_satono,1,1,2,1,1,1,0,1,1,1,1,1,1,1,1,4,1,1,1,1,1,1,1,1,1,2,1,1,1,1,1,1,2,1,2,1,1,1,1,2,1,0,1,2,27,1,1,1,1,1,1,1,1,1,1,0,1,2,0,2,1,2,1,2,1,2,0,1,1,2,1,1,2,1,1,1,1,1,1,1,0,2,2,1,2,2,0,0,2,1,1,2,0,0,2,1,0,0,1,2,1,0,1,2,1,1,2,1,2,2,1,70,1,0,0,0,1,0,1,7,1,0,1,0,2,1,,0,2,0,2,0,2,0,0,0,2,0,0,0,0,0,0,1,0,0,2,2,0,0,0,0,0,0,0,0,0,0,0,0,0,0,0,0,0,0,0,0,0
kana_anaberal,1,1,1,1,1,1,1,1,0,1,1,1,1,0,1,1,1,1,0,1,1,1,1,1,1,0,1,1,1,1,1,0,1,1,0,1,1,0,1,1,1,0,1,0,0,1,1,1,1,1,1,1,1,1,0,1,1,0,0,0,0,1,1,0,1,0,1,0,1,0,1,0,1,1,1,1,1,1,1,1,0,0,0,0,0,1,0,0,0,1,1,1,1,1,0,1,0,0,1,0,1,1,1,0,1,1,0,1,0,1,1,0,1,1,1,0,1,2,0,0,1,0,1,1,0,1,0,,0,1,0,1,0,0,0,0,0,1,0,1,1,1,1,1,3,0,0,0,1,1,1,1,1,0,1,1,1,1,1,2,1,1,1,1,1,1,1,1,1
ringo_(touhou),2,2,1,1,1,1,0,1,1,1,1,2,1,1,7,1,1,1,1,1,1,1,1,1,1,2,1,1,1,4,1,1,2,1,2,1,4,1,1,2,1,0,1,4,2,1,1,1,1,1,1,1,1,1,0,0,1,6,0,2,0,2,1,2,1,2,0,1,7,2,1,1,2,1,1,1,1,1,1,1,0,1,2,1,2,2,0,0,2,1,1,2,0,0,2,1,0,0,1,2,1,0,1,2,1,1,64,1,2,2,1,2,1,0,0,0,1,0,1,2,1,0,1,0,2,1,2,0,,0,2,0,2,0,0,0,2,0,0,0,0,0,0,1,0,0,2,2,0,0,0,0,0,0,0,0,0,0,0,0,0,0,0,0,0,0,0,0,0
sariel_(touhou),3,2,2,2,2,2,2,2,1,2,2,2,2,1,2,2,2,2,0,2,2,2,1,3,2,0,2,2,2,2,2,0,1,1,0,2,2,0,2,1,2,0,2,0,0,1,2,1,2,2,2,2,1,2,0,2,2,0,0,0,0,1,2,0,2,0,2,0,2,0,2,0,1,2,2,2,1,2,2,2,0,0,0,0,0,1,0,0,0,2,2,1,2,1,0,1,0,0,2,0,2,1,1,0,2,1,0,2,0,1,1,0,2,1,2,0,1,1,0,0,2,0,2,1,0,1,0,1,0,,0,1,0,0,0,0,0,1,0,1,1,2,1,1,1,0,0,0,1,2,1,2,2,0,1,1,1,1,1,1,1,1,1,1,1,1,1,1,1
yatadera_narumi,2,13,3,2,1,1,0,1,1,2,2,9,1,1,1,2,3,1,1,2,1,1,1,1,1,2,1,1,1,1,1,1,2,1,2,1,1,1,1,2,2,0,1,2,3,1,1,1,1,1,1,2,1,1,0,0,1,2,0,2,0,2,1,2,1,2,0,1,1,2,1,1,2,1,1,1,2,1,1,1,0,1,2,1,3,2,0,0,2,1,1,2,0,0,2,1,0,0,1,2,1,0,1,2,1,1,2,1,2,2,1,2,1,0,2,0,1,0,1,2,1,0,1,0,2,1,2,0,2,0,,0,2,0,0,0,2,0,0,0,0,0,0,1,0,0,2,2,0,0,0,0,0,0,0,0,0,0,0,0,0,0,0,0,0,0,0,0,0
yumeko_(touhou),2,3,1,1,1,2,1,1,0,1,2,4,1,0,2,1,1,1,0,1,1,1,1,3,1,0,1,1,1,1,1,0,1,1,0,1,1,0,1,1,1,0,1,0,0,1,1,1,3,1,1,1,2,1,0,3,1,0,0,0,0,1,1,0,1,0,17,0,1,0,1,0,1,1,1,1,1,1,1,1,0,0,0,0,0,1,0,0,0,1,1,1,1,1,0,1,0,0,1,0,1,2,1,0,1,1,0,1,0,1,1,0,1,1,1,0,1,1,0,0,2,0,1,1,0,1,0,1,0,1,0,,0,0,0,0,0,1,0,1,2,1,2,1,1,0,0,0,1,1,1,1,1,0,1,1,1,1,1,1,1,1,1,1,1,1,1,2,1
tsukumo_yatsuhashi,2,2,1,2,1,2,0,2,1,1,1,2,1,2,1,1,1,2,3,1,1,1,1,1,1,2,1,1,1,1,1,1,2,1,4,1,1,2,1,2,1,0,1,2,2,1,1,1,1,1,1,1,1,1,0,0,1,2,0,3,0,2,1,5,1,2,0,1,1,2,1,1,2,1,1,1,1,1,1,1,0,1,2,2,2,2,0,0,5,2,1,2,0,0,15,1,0,0,1,2,1,0,1,3,1,1,2,1,2,2,1,2,2,0,1,0,1,0,1,2,1,0,2,0,52,1,2,0,2,0,2,0,,0,0,0,2,0,0,0,0,0,0,1,0,0,2,2,0,0,0,0,0,0,0,0,0,0,0,0,0,0,0,0,0,0,0,0,0
yamashiro_takane,1,1,0,0,0,1,1,0,0,0,0,1,2,1,1,0,0,0,0,0,0,0,0,0,1,1,0,0,1,0,0,0,0,0,0,0,0,0,0,0,6,0,1,0,0,0,0,0,0,0,1,0,1,0,0,0,0,0,0,0,0,0,0,0,0,0,0,0,0,0,0,0,1,0,0,1,0,0,0,0,0,0,0,0,0,0,0,0,0,0,0,0,0,0,0,0,0,0,0,0,0,0,0,0,0,0,0,0,0,0,0,0,0,0,0,0,0,0,0,0,0,0,0,0,0,0,0,0,0,0,0,0,0,,0,0,0,0,0,0,0,0,0,0,0,0,0,0,0,0,0,0,0,0,0,0,0,0,0,0,0,0,0,0,0,0,0,0,0
mitsugashira_enoko,0,0,0,0,0,0,0,0,0,0,0,0,0,0,0,0,0,0,0,0,0,0,0,0,0,0,0,0,0,0,0,0,0,0,0,0,0,0,0,0,0,0,0,0,0,0,0,0,0,0,0,0,0,0,0,0,0,0,0,0,0,0,0,0,0,0,0,0,0,0,0,0,0,0,0,0,0,0,0,0,0,0,0,0,0,0,0,0,0,0,0,0,0,0,0,0,0,0,0,1,0,0,0,0,0,0,0,0,0,0,0,0,0,0,0,0,0,0,0,0,0,0,0,0,0,0,0,0,0,0,0,0,0,0,,1,0,0,0,0,0,0,0,0,0,0,0,0,0,0,0,0,0,0,0,0,0,0,0,0,0,0,0,0,0,0,0,0,0
son_biten,1,0,0,0,0,1,0,0,0,0,1,0,0,0,0,0,0,0,0,0,0,0,0,0,0,0,0,0,0,0,0,0,0,0,0,0,0,0,0,0,0,0,0,0,0,0,0,0,0,0,0,0,0,0,0,0,0,0,0,0,0,0,0,0,0,0,0,0,0,0,0,0,0,0,0,0,0,0,0,0,1,0,0,0,2,0,0,0,0,0,0,0,0,0,0,0,0,0,0,0,0,0,0,0,0,0,0,0,0,0,0,0,0,0,0,0,0,0,0,0,0,0,0,0,0,0,0,0,0,0,0,0,0,0,1,,0,0,0,0,0,0,0,0,0,0,0,0,0,0,0,0,0,0,0,0,0,0,0,0,0,0,0,0,0,0,0,0,0
ebisu_eika,1,1,1,1,1,1,0,1,1,2,1,1,1,1,1,1,1,1,1,2,1,1,1,1,3,2,1,1,1,1,1,1,2,1,2,1,1,2,1,2,1,1,1,2,2,2,2,1,1,1,1,1,1,1,0,0,1,2,0,4,0,2,1,2,1,6,0,1,1,3,1,1,2,1,1,3,1,1,1,1,0,1,4,1,2,2,0,0,2,1,1,2,0,0,2,1,0,0,1,3,1,0,1,2,1,1,2,1,2,2,1,2,1,0,0,0,1,0,1,2,1,0,1,0,2,1,2,0,2,0,2,0,2,0,0,0,,0,0,0,0,0,0,1,0,0,6,2,0,0,0,0,0,0,0,0,0,0,0,0,0,0,0,0,0,0,0,0,0
meira_(touhou),22,3,1,1,1,1,1,1,0,1,1,3,1,0,1,1,1,1,0,1,1,1,1,1,1,0,1,1,1,1,1,0,1,1,0,1,1,0,1,1,1,0,1,0,0,1,1,1,1,1,1,1,1,1,0,2,1,0,0,0,0,1,1,0,1,0,1,0,1,0,1,0,1,1,1,1,1,1,1,1,0,0,0,0,0,1,0,0,0,1,1,1,1,1,0,2,0,0,1,0,1,1,1,0,1,1,0,1,0,1,1,0,1,1,1,0,1,1,0,0,1,0,1,1,0,1,0,1,0,1,0,1,0,0,0,0,0,,0,1,1,1,1,1,1,0,0,0,2,1,1,1,1,0,1,2,1,1,1,1,1,1,1,1,1,1,1,1,1
tamatsukuri_misumaru,1,1,0,0,0,0,0,0,0,0,0,0,1,0,0,1,0,0,0,0,0,0,0,0,0,0,1,0,0,0,0,0,0,0,0,0,0,0,0,0,0,0,0,0,0,1,1,0,0,0,0,0,0,0,0,0,0,0,0,0,0,0,0,0,0,2,0,0,0,0,0,0,0,0,0,0,0,0,0,0,0,0,0,0,1,0,0,0,1,0,0,0,0,0,0,0,0,0,0,0,0,0,0,0,0,0,0,0,2,0,0,0,0,0,0,0,0,0,0,0,0,0,0,0,0,0,0,0,0,0,0,0,0,0,0,0,0,0,,0,0,0,0,0,0,0,0,0,0,0,0,0,0,0,0,0,0,0,0,0,0,0,0,0,0,0,0,0,0
elly_(touhou),2,2,2,2,2,2,2,2,1,3,2,3,2,1,2,2,2,3,0,2,2,2,1,19,2,0,2,2,2,2,2,0,1,2,0,2,2,0,2,1,2,0,2,0,0,1,2,2,1,2,2,2,1,1,0,3,2,0,0,0,0,1,3,0,1,0,2,0,2,0,3,0,1,2,2,2,2,1,2,2,0,0,0,0,0,1,0,0,0,2,2,1,2,2,0,1,0,0,2,0,2,3,2,0,1,2,0,2,0,1,2,0,2,1,2,0,1,4,0,0,1,0,2,1,0,1,0,1,0,1,0,1,0,0,0,0,0,1,0,,1,4,1,1,1,0,0,0,1,1,1,1,1,0,1,1,1,1,1,1,1,1,1,1,1,1,1,1,1
kitashirakawa_chiyuri,1,1,1,1,1,1,1,1,0,1,1,1,1,0,1,2,1,1,0,1,1,1,1,1,1,0,1,1,1,1,1,0,1,2,0,1,1,0,2,1,2,0,1,0,0,1,1,2,1,1,1,1,1,1,0,1,1,0,0,0,0,1,1,0,1,0,1,0,1,0,1,0,1,1,1,1,2,1,1,1,0,0,0,0,0,1,0,0,0,1,1,1,1,8,0,1,0,0,1,0,1,1,1,0,1,1,0,1,0,1,1,0,1,1,1,0,1,1,0,0,1,0,1,1,0,1,0,1,0,1,0,2,0,0,0,0,0,1,0,1,,1,1,1,1,0,0,0,1,1,1,1,1,0,1,1,1,1,1,1,1,1,1,1,1,1,1,1,1
kurumi_(touhou),2,1,1,1,1,1,1,1,0,1,1,1,1,0,1,1,1,1,0,1,1,1,1,4,1,0,1,1,1,1,1,0,1,1,0,1,1,0,2,1,1,0,1,0,0,1,1,1,1,1,1,1,1,1,0,2,1,0,0,0,0,1,1,0,1,0,1,0,1,0,1,0,1,1,1,1,1,1,1,1,0,0,0,0,0,1,0,0,0,1,1,1,1,1,0,1,0,0,1,0,1,2,1,0,1,1,0,1,0,1,1,0,1,1,1,0,1,2,0,0,1,0,1,1,0,1,0,1,0,2,0,1,0,0,0,0,0,1,0,4,1,,1,1,1,0,0,0,1,1,1,3,1,0,1,1,1,1,1,1,1,1,1,1,1,1,1,1,1
mai_(touhou),1,1,1,1,1,1,1,1,0,1,1,1,1,0,1,1,1,1,0,1,1,1,1,1,1,0,1,1,1,1,1,0,1,1,0,1,1,0,1,1,1,0,1,0,0,1,1,1,2,1,1,1,2,1,0,1,1,0,0,0,0,1,1,0,1,0,2,0,1,0,1,0,1,1,1,1,1,1,1,1,0,0,0,0,0,1,0,0,0,1,1,1,1,1,0,1,0,0,1,0,1,1,1,0,1,1,0,1,0,1,1,0,1,1,1,0,1,1,0,0,1,0,1,1,0,1,0,1,0,1,0,2,0,0,0,0,0,1,0,1,1,1,,1,1,0,0,0,1,1,11,1,1,0,1,1,1,1,1,1,1,1,1,1,1,1,1,2,1
konpaku_youki,2,2,2,2,8,3,1,2,1,2,4,2,2,1,2,3,2,3,1,2,2,3,2,2,2,1,3,2,2,2,2,1,2,2,1,2,2,1,2,2,2,0,2,1,1,2,2,2,2,2,2,2,2,2,0,1,2,1,0,1,0,2,2,1,2,1,1,1,2,1,2,1,2,2,2,2,2,2,2,3,0,1,1,0,1,2,0,0,1,2,2,2,1,1,1,2,0,0,2,1,2,1,3,1,2,3,1,2,1,2,3,1,2,1,1,0,2,1,1,1,2,0,2,1,1,2,1,1,1,1,1,1,1,0,0,0,1,1,0,1,1,1,1,,1,0,1,1,1,1,1,1,1,0,1,1,1,1,1,1,1,1,1,1,1,1,1,1,1
ellen_(touhou),1,1,1,2,1,1,1,1,0,1,1,1,1,0,1,1,1,1,0,1,1,1,1,1,1,0,1,1,1,1,1,0,1,1,0,1,1,0,1,1,1,0,1,0,0,1,1,1,1,1,1,1,1,1,0,1,1,0,0,0,0,1,1,0,1,0,1,0,1,0,1,0,1,1,1,1,1,1,1,1,0,0,0,0,0,1,0,0,0,1,1,1,1,1,0,1,0,0,1,0,1,1,1,0,1,1,0,1,0,1,1,0,1,1,1,0,1,1,0,0,1,0,1,1,0,1,0,3,0,1,0,1,0,0,0,0,0,1,0,1,1,1,1,1,,0,0,0,1,1,1,1,1,0,1,1,1,1,1,1,1,1,1,1,1,1,1,1,1
anxious_moustached_villager_(touhou),0,0,0,0,0,0,0,0,0,0,0,0,0,0,0,0,0,0,0,0,0,0,0,0,0,0,0,0,0,0,0,0,0,0,0,0,0,0,0,0,0,0,0,0,0,0,0,0,0,0,0,0,0,0,0,0,0,0,0,0,0,0,0,0,0,0,0,0,0,0,0,0,0,0,0,0,0,0,0,0,0,0,0,0,0,0,0,0,0,0,0,0,0,0,0,0,0,0,0,0,0,0,0,0,0,0,0,0,0,0,0,0,0,0,0,0,0,0,0,0,0,0,0,0,0,0,0,0,0,0,0,0,0,0,0,0,0,0,0,0,0,0,0,0,0,,0,0,0,0,0,0,0,0,0,0,0,0,0,0,0,0,0,0,0,0,0,0,0
ushizaki_urumi,2,1,1,1,1,1,0,1,1,2,1,1,1,1,1,1,1,1,1,2,1,1,1,1,2,2,1,1,1,1,1,1,2,1,4,1,2,1,1,2,1,1,1,2,2,2,2,1,1,1,1,1,1,1,0,0,1,2,0,3,0,2,1,2,1,2,0,1,1,2,1,1,2,1,1,2,1,1,1,1,0,1,6,1,2,2,0,0,4,1,1,2,0,0,2,2,0,1,1,2,1,0,1,2,1,1,2,2,2,2,1,2,1,0,0,0,1,0,1,2,1,0,1,0,2,1,2,0,2,0,2,0,2,0,0,0,6,0,0,0,0,0,0,1,0,0,,2,0,0,0,0,0,0,0,0,0,0,0,0,0,0,0,0,0,0,0,0,0
sakata_nemuno,1,1,1,1,1,1,0,1,1,1,1,3,3,1,1,1,1,1,1,1,1,1,1,1,1,2,1,1,1,1,1,1,2,1,2,1,1,1,1,2,1,0,1,2,2,2,1,1,1,1,1,1,1,1,0,0,1,2,0,2,0,2,1,2,1,2,0,1,1,2,1,1,2,1,1,1,1,1,1,2,0,1,2,1,2,2,0,0,2,1,1,2,0,0,2,1,0,0,1,2,1,0,1,2,1,1,2,1,2,2,1,2,1,0,0,0,1,0,1,2,1,0,1,0,2,1,2,0,2,0,2,0,2,0,0,0,2,0,0,0,0,0,0,1,0,0,2,,0,0,0,0,0,0,0,0,0,0,0,0,0,0,0,0,0,0,0,0,0
kotohime_(touhou),2,2,1,1,1,1,1,1,0,1,1,2,1,0,1,1,1,1,0,1,1,1,1,1,1,0,1,1,1,1,1,0,1,1,0,1,1,0,1,1,1,0,1,0,0,1,1,1,1,1,1,1,1,1,0,1,1,0,0,0,0,1,1,0,1,0,1,0,1,0,1,0,1,1,1,1,1,1,1,1,0,0,0,0,0,1,0,0,0,1,1,1,1,1,0,1,0,0,1,0,1,1,1,0,1,1,0,1,0,1,1,0,1,1,1,0,1,1,0,0,1,0,1,1,0,1,0,1,0,1,0,1,0,0,0,0,0,2,0,1,1,1,1,1,1,0,0,0,,1,1,1,1,0,1,1,1,1,1,1,1,1,1,1,1,1,1,1,1
konngara_(touhou),2,2,2,2,2,2,2,2,1,2,2,2,2,1,2,2,2,2,0,2,2,2,1,2,2,0,2,2,2,2,2,0,1,1,0,2,2,0,1,1,2,0,2,0,0,1,2,1,2,2,2,2,1,2,0,2,2,0,0,0,0,1,2,0,2,0,1,0,2,0,2,0,1,2,2,2,1,2,2,2,0,0,0,0,0,1,0,0,0,2,2,1,2,1,0,1,0,0,2,0,2,1,1,0,2,1,0,2,0,1,1,0,2,1,2,0,1,1,0,0,2,0,2,1,0,1,0,1,0,2,0,1,0,0,0,0,0,1,0,1,1,1,1,1,1,0,0,0,1,,1,1,2,0,1,1,1,1,1,1,1,1,1,1,1,1,1,1,1
yuki_(touhou),1,1,1,1,1,1,1,1,0,1,1,1,1,0,1,1,1,1,0,1,1,1,1,1,1,0,1,1,1,1,1,0,1,1,0,1,1,0,1,1,1,0,1,0,0,1,1,1,1,1,1,1,1,1,0,1,1,0,0,0,0,1,1,0,1,0,1,0,1,0,1,0,1,1,1,1,1,1,1,1,0,0,0,0,0,1,0,0,0,1,1,1,1,1,0,1,0,0,1,0,1,1,1,0,1,1,0,1,0,1,1,0,1,1,1,0,1,1,0,0,1,0,1,1,0,1,0,1,0,1,0,1,0,0,0,0,0,1,0,1,1,1,11,1,1,0,0,0,1,1,,1,1,0,1,1,1,1,1,1,1,1,1,1,1,1,1,1,1
elis_(touhou),2,1,1,1,1,1,1,1,0,1,1,1,1,0,1,1,1,1,0,1,1,1,1,2,1,0,1,1,1,1,1,0,1,1,0,1,1,0,2,1,1,0,1,0,0,1,1,1,1,1,1,1,1,1,0,1,1,0,0,0,0,1,1,0,1,0,1,0,1,0,1,0,1,1,1,1,1,1,1,1,0,0,0,0,0,1,0,0,0,1,1,1,1,1,0,1,0,0,1,0,1,1,1,0,1,1,0,1,0,1,1,0,1,1,1,0,1,1,0,0,1,0,1,1,0,1,0,1,0,2,0,1,0,0,0,0,0,1,0,1,1,3,1,1,1,0,0,0,1,1,1,,1,0,1,1,1,1,1,1,1,1,1,1,1,1,1,1,1
unzan,7,4,4,6,3,5,4,5,4,3,3,6,4,3,3,3,5,4,2,5,3,4,14,3,3,0,4,4,3,5,5,0,4,2,0,4,4,0,1,7,4,0,4,0,0,2,4,2,17,3,3,4,15,23,0,2,4,0,0,0,0,3,3,0,25,0,1,1,3,0,3,0,3,4,4,3,2,3,3,3,0,0,0,0,0,5,0,0,0,2,3,2,3,1,0,1,0,0,3,0,3,1,1,0,20,1,0,4,0,6,1,0,2,1,4,0,1,1,0,0,36,0,3,1,0,1,0,1,0,2,0,1,0,0,0,0,0,1,0,1,1,1,1,1,1,0,0,0,1,2,1,1,,0,1,1,1,1,1,1,1,1,1,1,1,1,1,1,1
kedama_(touhou),0,1,0,1,0,0,0,1,0,1,0,1,1,0,0,0,1,0,0,0,0,0,0,0,0,0,0,0,0,0,0,0,0,0,0,0,0,0,0,0,0,0,0,0,0,0,1,0,0,0,0,0,0,0,0,0,1,0,0,0,0,0,1,0,0,0,0,0,0,0,0,0,0,0,0,0,0,1,0,0,0,0,0,0,0,0,0,0,0,0,0,0,0,0,0,0,0,0,0,0,0,0,1,0,0,0,0,0,0,0,0,0,0,0,0,0,0,0,0,0,0,0,0,0,0,0,0,0,0,0,0,0,0,0,0,0,0,0,0,0,0,0,0,0,0,0,0,0,0,0,0,0,0,,0,0,0,0,0,0,0,0,1,0,0,0,0,0,0
layla_prismriver,1,1,1,1,1,1,1,1,0,1,1,1,1,0,1,1,1,1,0,1,1,1,1,1,1,0,1,1,1,1,1,0,1,1,0,1,1,0,1,1,1,0,1,0,0,1,1,1,1,1,1,1,1,1,0,1,1,0,0,0,0,1,1,0,1,0,1,0,1,0,1,0,1,1,1,1,1,1,1,1,0,0,0,0,0,1,0,0,0,2,1,1,1,1,0,1,0,0,1,0,1,1,1,0,1,1,0,1,0,1,1,0,1,1,1,0,1,1,0,0,1,0,1,1,0,1,0,1,0,1,0,1,0,0,0,0,0,1,0,1,1,1,1,1,1,0,0,0,1,1,1,1,1,0,,1,1,1,1,1,1,1,1,1,1,1,1,1,1
rika_(touhou),1,2,1,1,1,1,1,1,0,1,1,1,1,0,1,1,1,1,0,1,1,1,1,1,1,0,1,1,1,1,1,0,1,1,0,1,1,0,1,1,1,0,1,0,0,1,1,1,1,1,1,1,1,1,0,2,1,0,0,0,0,1,1,0,1,0,1,0,1,0,1,0,1,1,1,1,1,1,1,1,0,0,0,0,0,1,0,0,0,1,1,1,1,1,0,1,0,0,1,0,1,1,1,0,1,1,0,1,0,1,1,0,1,1,1,0,1,1,0,0,1,0,1,1,0,1,0,1,0,1,0,1,0,0,0,0,0,2,0,1,1,1,1,1,1,0,0,0,1,1,1,1,1,0,1,,1,1,1,1,1,1,1,1,1,1,1,1,1
ruukoto,2,1,1,1,1,1,1,1,0,1,1,1,1,0,1,1,1,1,0,1,1,1,1,1,1,0,1,1,1,1,1,0,1,1,0,1,1,0,1,1,1,0,1,0,0,1,1,1,1,1,1,1,1,1,0,1,1,0,0,0,0,1,1,0,1,0,1,0,1,0,1,0,1,1,1,1,1,1,1,1,0,0,0,0,0,1,0,0,0,1,1,1,1,1,0,1,0,0,1,0,1,1,1,0,1,1,0,1,0,1,1,0,1,1,1,0,1,1,0,0,1,0,1,1,0,1,0,1,0,1,0,1,0,0,0,0,0,1,0,1,1,1,1,1,1,0,0,0,1,1,1,1,1,0,1,1,,1,1,1,1,1,1,1,1,1,1,1,1
yuugenmagan,1,1,1,1,1,1,1,1,0,1,1,1,1,0,1,1,1,1,0,1,1,1,1,1,1,0,1,1,1,1,1,0,1,1,0,1,1,0,1,1,1,0,1,0,0,1,1,1,1,1,1,1,1,1,0,1,1,0,0,0,0,1,1,0,1,0,1,0,1,0,1,0,1,1,1,1,1,1,1,1,0,0,0,0,0,1,0,0,0,1,1,1,1,1,0,1,0,0,1,0,1,1,1,0,1,1,0,1,0,1,1,0,1,1,1,0,1,1,0,0,1,0,1,1,0,1,0,1,0,1,0,1,0,0,0,0,0,1,0,1,1,1,1,1,1,0,0,0,1,1,1,1,1,0,1,1,1,,1,1,1,1,1,1,1,1,1,1,1
genjii_(touhou),1,1,1,1,1,1,1,1,0,1,1,1,1,0,1,1,1,1,0,1,1,1,1,1,1,0,1,1,1,1,1,0,1,1,0,1,1,0,1,1,1,0,1,0,0,1,1,1,1,1,1,1,1,1,0,1,1,0,0,0,0,1,1,0,1,0,1,0,1,0,1,0,1,1,1,1,1,1,1,1,0,0,0,0,0,1,0,0,0,1,1,1,1,1,0,1,0,0,1,0,1,1,1,0,1,1,0,1,0,1,1,0,1,1,1,0,1,1,0,0,1,0,1,1,0,1,0,1,0,1,0,1,0,0,0,0,0,1,0,1,1,1,1,1,1,0,0,0,1,1,1,1,1,0,1,1,1,1,,1,1,1,1,1,1,1,1,1,1
asakura_rikako,1,1,1,1,1,1,1,1,0,1,1,1,1,0,1,1,1,1,0,1,1,1,1,1,1,0,1,1,1,1,2,0,1,1,0,1,1,0,1,1,1,0,1,0,0,1,1,1,1,1,1,1,1,1,0,2,1,0,0,0,0,1,1,0,1,0,1,0,1,0,1,0,1,1,1,1,1,1,1,1,0,0,0,0,0,1,0,0,0,1,1,1,1,3,0,1,0,0,1,0,1,1,1,0,1,1,0,1,0,1,1,0,1,1,1,0,1,1,0,0,1,0,1,1,0,1,0,2,0,1,0,1,0,0,0,0,0,1,0,1,1,1,1,1,1,0,0,0,1,1,1,1,1,0,1,1,1,1,1,,1,1,1,1,1,1,1,1,1
louise_(touhou),1,1,1,1,1,1,1,1,0,1,1,1,1,0,1,1,1,1,0,1,1,1,1,1,1,0,1,1,1,1,1,0,1,1,0,1,1,0,1,1,1,0,1,0,0,1,1,1,1,1,1,1,1,1,0,1,1,0,0,0,0,1,1,0,1,0,1,0,1,0,1,0,1,1,1,1,1,1,1,1,0,0,0,0,0,1,0,0,0,1,1,1,1,1,0,1,0,0,1,0,1,1,1,0,1,1,0,1,0,1,1,0,1,1,1,0,1,1,0,0,1,0,1,1,0,1,0,1,0,1,0,1,0,0,0,0,0,1,0,1,1,1,1,1,1,0,0,0,1,1,1,1,1,0,1,1,1,1,1,1,,1,1,1,1,1,1,2,1
fairy_maid_(touhou),1,2,4,3,1,7,7,1,0,1,1,1,1,0,1,1,4,11,0,2,1,1,1,1,1,0,1,1,1,1,1,0,1,2,0,1,1,0,1,1,1,0,1,0,0,1,1,2,1,1,1,1,1,1,0,1,3,0,0,0,0,1,1,0,1,0,1,0,1,0,1,0,1,1,9,1,1,1,1,1,0,0,0,0,0,1,0,0,0,1,1,1,1,1,0,1,0,0,1,0,1,1,1,0,1,1,0,1,0,1,1,0,1,1,1,0,1,1,0,0,1,0,1,1,0,1,0,1,0,1,0,1,0,0,0,0,0,1,0,1,1,1,1,1,1,0,0,0,1,1,1,1,1,0,1,1,1,1,1,1,1,,1,1,1,1,1,1,1
sunflower_fairy_(touhou),1,1,1,1,1,1,1,1,0,2,1,1,1,0,1,1,1,1,0,1,1,1,1,1,1,0,1,1,1,1,1,0,1,1,0,1,1,0,1,1,1,0,1,0,0,1,1,1,1,1,1,1,1,1,0,1,1,0,0,0,0,1,2,0,1,0,1,0,1,0,1,0,1,1,1,1,1,1,1,1,0,0,0,0,0,1,0,0,0,1,1,1,1,1,0,1,0,0,1,0,1,1,1,0,1,1,0,1,0,1,1,0,1,1,1,0,1,1,0,0,1,0,1,1,0,1,0,1,0,1,0,1,0,0,0,0,0,1,0,1,1,1,1,1,1,0,0,0,1,1,1,1,1,1,1,1,1,1,1,1,1,1,,1,1,1,1,1,1
zombie_fairy_(touhou),1,1,1,2,1,1,1,2,0,1,1,1,1,0,1,1,1,1,0,1,1,1,1,1,1,0,1,1,1,1,4,0,1,1,0,1,1,0,1,1,1,0,1,0,0,1,5,1,1,1,1,1,1,2,0,1,1,0,0,0,0,1,1,0,1,0,1,0,1,0,1,0,1,1,1,1,1,1,1,1,0,0,0,0,0,1,0,0,0,1,1,1,1,1,0,1,0,0,1,0,1,1,1,0,1,1,0,1,0,1,1,0,1,1,1,0,1,1,0,0,1,0,1,1,0,1,0,1,0,1,0,1,0,0,0,0,0,1,0,1,1,1,1,1,1,0,0,0,1,1,1,1,1,0,1,1,1,1,1,1,1,1,1,,1,1,1,1,1
hisou_tensoku,5,1,1,1,1,1,1,1,0,1,1,1,2,0,4,1,1,1,0,1,1,1,1,1,1,0,1,1,1,1,2,0,1,1,0,1,1,0,1,1,5,0,1,0,0,1,2,1,1,1,1,1,1,1,0,1,1,0,0,0,0,1,1,0,1,0,1,0,1,0,1,0,1,1,1,1,1,2,1,1,0,0,0,0,0,1,0,0,0,1,1,1,1,1,0,1,0,0,1,0,1,1,1,0,1,1,0,1,0,1,1,0,1,1,1,0,1,1,0,0,1,0,1,1,0,1,0,1,0,1,0,1,0,0,0,0,0,1,0,1,1,1,1,1,1,0,0,0,1,1,1,1,1,0,1,1,1,1,1,1,1,1,1,1,,1,1,1,1
orange_(touhou),1,1,1,1,1,1,1,1,0,1,1,1,1,0,1,1,1,1,0,1,1,1,1,1,1,0,1,1,1,1,1,0,1,1,0,1,1,0,1,1,1,0,1,0,0,1,1,1,1,1,1,1,1,1,0,1,1,0,0,0,0,1,1,0,1,0,1,0,1,0,1,0,1,1,1,1,1,1,1,1,0,0,0,0,0,1,0,0,0,1,1,1,1,1,0,1,0,0,1,0,1,1,1,0,1,1,0,1,0,1,1,0,1,1,1,0,1,1,0,0,1,0,1,1,0,1,0,1,0,1,0,1,0,0,0,0,0,1,0,1,1,1,1,1,1,0,0,0,1,1,1,1,1,0,1,1,1,1,1,1,1,1,1,1,1,,1,1,1
mimi-chan,1,2,1,1,1,1,1,1,0,1,1,1,1,0,1,1,1,1,0,1,1,1,1,1,1,0,1,1,1,1,1,0,1,1,0,1,1,0,1,1,2,0,1,0,0,1,1,1,1,1,1,1,1,1,0,1,1,0,0,0,0,1,1,0,1,0,1,0,1,0,1,0,1,1,1,1,1,1,1,1,0,0,0,0,0,1,0,0,0,1,1,1,1,1,0,1,0,0,1,0,1,1,1,0,1,1,0,1,0,1,1,0,1,1,1,0,1,1,0,0,1,0,1,1,0,1,0,1,0,1,0,1,0,0,0,0,0,1,0,1,1,1,1,1,1,0,0,0,1,1,1,1,1,0,1,1,1,1,1,1,1,1,1,1,1,1,,1,1
sara_(touhou),1,1,1,1,1,1,1,1,0,1,2,2,1,0,1,1,1,1,0,3,1,1,1,1,1,0,1,1,1,1,1,0,1,1,0,1,1,0,1,1,1,0,2,0,0,1,2,1,2,1,1,2,2,1,0,1,1,0,0,0,0,1,1,0,1,0,2,0,1,0,1,0,1,1,1,1,1,1,1,1,0,0,0,0,0,1,0,0,0,1,1,1,1,1,0,1,0,0,1,0,1,1,1,0,1,1,0,1,0,1,1,0,1,2,1,0,1,1,0,0,1,0,1,1,0,1,0,1,0,1,0,2,0,0,0,0,0,1,0,1,1,1,2,1,1,0,0,0,1,1,1,1,1,0,1,1,1,1,1,1,2,1,1,1,1,1,1,,1
kikuri_(touhou),1,1,1,1,1,1,1,1,0,1,1,1,1,0,1,1,1,1,0,1,1,1,1,1,1,0,1,1,1,1,1,0,1,1,0,1,1,0,1,1,1,0,1,0,0,1,1,1,1,1,1,1,1,1,0,1,1,0,0,0,0,1,1,0,1,0,1,0,1,0,1,0,1,1,1,1,1,1,1,1,0,0,0,0,0,1,0,0,0,1,1,1,1,1,0,1,0,0,1,0,1,1,1,0,1,1,0,1,0,1,1,0,1,1,1,0,1,1,0,0,1,0,1,1,0,1,0,1,0,1,0,1,0,0,0,0,0,1,0,1,1,1,1,1,1,0,0,0,1,1,1,1,1,0,1,1,1,1,1,1,1,1,1,1,1,1,1,1,
